id,fact_id,pool,review_status,reason,source_url
PAU-0049,cs_serial_graph,PAU,DRAFT,AMBIGUITY: manca especificar serialitzabilitat per conflictes.,https://www.fib.upc.edu/es/grados/grado-en-ingenieria-informatica/plan-de-estudios/asignaturas
PAU-0156,cs_4nf,PAU,DRAFT,AMBIGUITY: manca distingir dependències multivaluades amb determinant superclau.,https://www.fib.upc.edu/es/grados/grado-en-ingenieria-informatica/plan-de-estudios/asignaturas
PAU-0205,cs_serial_graph,PAU,DRAFT,AMBIGUITY: manca especificar serialitzabilitat per conflictes.,https://www.fib.upc.edu/es/grados/grado-en-ingenieria-informatica/plan-de-estudios/asignaturas
PAU-0312,cs_4nf,PAU,DRAFT,AMBIGUITY: manca distingir dependències multivaluades amb determinant superclau.,https://www.fib.upc.edu/es/grados/grado-en-ingenieria-informatica/plan-de-estudios/asignaturas
PAU-0361,cs_serial_graph,PAU,DRAFT,AMBIGUITY: manca especificar serialitzabilitat per conflictes.,https://www.fib.upc.edu/es/grados/grado-en-ingenieria-informatica/plan-de-estudios/asignaturas
PAU-0468,cs_4nf,PAU,DRAFT,AMBIGUITY: manca distingir dependències multivaluades amb determinant superclau.,https://www.fib.upc.edu/es/grados/grado-en-ingenieria-informatica/plan-de-estudios/asignaturas
PAU-0517,cs_serial_graph,PAU,DRAFT,AMBIGUITY: manca especificar serialitzabilitat per conflictes.,https://www.fib.upc.edu/es/grados/grado-en-ingenieria-informatica/plan-de-estudios/asignaturas
PAU-0624,cs_4nf,PAU,DRAFT,AMBIGUITY: manca distingir dependències multivaluades amb determinant superclau.,https://www.fib.upc.edu/es/grados/grado-en-ingenieria-informatica/plan-de-estudios/asignaturas
PAU-0673,cs_serial_graph,PAU,DRAFT,AMBIGUITY: manca especificar serialitzabilitat per conflictes.,https://www.fib.upc.edu/es/grados/grado-en-ingenieria-informatica/plan-de-estudios/asignaturas
PAU-0780,cs_4nf,PAU,DRAFT,AMBIGUITY: manca distingir dependències multivaluades amb determinant superclau.,https://www.fib.upc.edu/es/grados/grado-en-ingenieria-informatica/plan-de-estudios/asignaturas
PAU-0821,geo_lao_border_count,PAU,DRAFT,LANGUAGE: el nom de l’estat en català necessita revisió («Lao»).,https://restcountries.com/
PAU-0972,geo_ven_currency,PAU,DRAFT,TEMPORAL: codi ISO de moneda retirat o substituït; no activar sense revisió.,https://restcountries.com/
PAU-1012,geo_mrt_currency,PAU,DRAFT,TEMPORAL: codi ISO de moneda retirat o substituït; no activar sense revisió.,https://restcountries.com/
PAU-1025,geo_ury_currency,PAU,DRAFT,"FACTUAL: UYI és una unitat indexada, no la moneda principal (UYU).",https://restcountries.com/
PAU-1047,geo_mys_country_by_capital,PAU,DRAFT,AMBIGUITY: capital i seu del govern diferents o capitals múltiples; falta precisar la funció.,https://restcountries.com/
PAU-1163,geo_lao_country_by_capital,PAU,DRAFT,LANGUAGE: el nom de l’estat en català necessita revisió («Lao»).,https://restcountries.com/
PAU-1167,geo_zmb_currency,PAU,DRAFT,TEMPORAL: codi ISO de moneda retirat o substituït; no activar sense revisió.,https://restcountries.com/
PAU-1245,gen_codon_AUA,PAU,DRAFT,AMBIGUITY: cal especificar el codi genètic estàndard; hi ha codis alternatius.,https://www.ncbi.nlm.nih.gov/books/
PAU-1285,ast_olympus,PAU,DRAFT,"AMBIGUITY: «més gran» no precisa alçària, volum o superfície del volcà.",https://science.nasa.gov/solar-system/
PAU-1289,gen_codon_AGA,PAU,DRAFT,AMBIGUITY: cal especificar el codi genètic estàndard; hi ha codis alternatius.,https://www.ncbi.nlm.nih.gov/books/
PAU-1292,gen_codon_AGG,PAU,DRAFT,AMBIGUITY: cal especificar el codi genètic estàndard; hi ha codis alternatius.,https://www.ncbi.nlm.nih.gov/books/
TECLA-0007,bio_chebyshev2,TECLA,DRAFT,TERMINOLOGY: anglicisme sense terme català ni context d’ondulació.,https://www.ub.edu/portal/web/medicina-ciencias-salud/grados/-/ensenyaments/detall/6178758/27
TECLA-0044,bio_window_hamming,TECLA,DRAFT,AMBIGUITY: diverses finestres redueixen els lòbuls laterals respecte de la rectangular.,https://www.ub.edu/portal/web/medicina-ciencias-salud/grados/-/ensenyaments/detall/6178758/27
TECLA-0068,bio_chebyshev1,TECLA,DRAFT,TERMINOLOGY: anglicisme sense terme català ni context d’ondulació.,https://www.ub.edu/portal/web/medicina-ciencias-salud/grados/-/ensenyaments/detall/6178758/27
TECLA-0086,bio_elliptic,TECLA,DRAFT,TERMINOLOGY: anglicisme sense terme català ni context d’ondulació.,https://www.ub.edu/portal/web/medicina-ciencias-salud/grados/-/ensenyaments/detall/6178758/27
TECLA-0118,bio_chebyshev2,TECLA,DRAFT,TERMINOLOGY: anglicisme sense terme català ni context d’ondulació.,https://www.ub.edu/portal/web/medicina-ciencias-salud/grados/-/ensenyaments/detall/6178758/27
TECLA-0155,bio_window_hamming,TECLA,DRAFT,AMBIGUITY: diverses finestres redueixen els lòbuls laterals respecte de la rectangular.,https://www.ub.edu/portal/web/medicina-ciencias-salud/grados/-/ensenyaments/detall/6178758/27
TECLA-0179,bio_chebyshev1,TECLA,DRAFT,TERMINOLOGY: anglicisme sense terme català ni context d’ondulació.,https://www.ub.edu/portal/web/medicina-ciencias-salud/grados/-/ensenyaments/detall/6178758/27
TECLA-0197,bio_elliptic,TECLA,DRAFT,TERMINOLOGY: anglicisme sense terme català ni context d’ondulació.,https://www.ub.edu/portal/web/medicina-ciencias-salud/grados/-/ensenyaments/detall/6178758/27
TECLA-0229,bio_chebyshev2,TECLA,DRAFT,TERMINOLOGY: anglicisme sense terme català ni context d’ondulació.,https://www.ub.edu/portal/web/medicina-ciencias-salud/grados/-/ensenyaments/detall/6178758/27
TECLA-0266,bio_window_hamming,TECLA,DRAFT,AMBIGUITY: diverses finestres redueixen els lòbuls laterals respecte de la rectangular.,https://www.ub.edu/portal/web/medicina-ciencias-salud/grados/-/ensenyaments/detall/6178758/27
TECLA-0290,bio_chebyshev1,TECLA,DRAFT,TERMINOLOGY: anglicisme sense terme català ni context d’ondulació.,https://www.ub.edu/portal/web/medicina-ciencias-salud/grados/-/ensenyaments/detall/6178758/27
TECLA-0308,bio_elliptic,TECLA,DRAFT,TERMINOLOGY: anglicisme sense terme català ni context d’ondulació.,https://www.ub.edu/portal/web/medicina-ciencias-salud/grados/-/ensenyaments/detall/6178758/27
TECLA-0340,bio_chebyshev2,TECLA,DRAFT,TERMINOLOGY: anglicisme sense terme català ni context d’ondulació.,https://www.ub.edu/portal/web/medicina-ciencias-salud/grados/-/ensenyaments/detall/6178758/27
TECLA-0377,bio_window_hamming,TECLA,DRAFT,AMBIGUITY: diverses finestres redueixen els lòbuls laterals respecte de la rectangular.,https://www.ub.edu/portal/web/medicina-ciencias-salud/grados/-/ensenyaments/detall/6178758/27
TECLA-0401,bio_chebyshev1,TECLA,DRAFT,TERMINOLOGY: anglicisme sense terme català ni context d’ondulació.,https://www.ub.edu/portal/web/medicina-ciencias-salud/grados/-/ensenyaments/detall/6178758/27
TECLA-0419,bio_elliptic,TECLA,DRAFT,TERMINOLOGY: anglicisme sense terme català ni context d’ondulació.,https://www.ub.edu/portal/web/medicina-ciencias-salud/grados/-/ensenyaments/detall/6178758/27
TECLA-0451,bio_chebyshev2,TECLA,DRAFT,TERMINOLOGY: anglicisme sense terme català ni context d’ondulació.,https://www.ub.edu/portal/web/medicina-ciencias-salud/grados/-/ensenyaments/detall/6178758/27
TECLA-0488,bio_window_hamming,TECLA,DRAFT,AMBIGUITY: diverses finestres redueixen els lòbuls laterals respecte de la rectangular.,https://www.ub.edu/portal/web/medicina-ciencias-salud/grados/-/ensenyaments/detall/6178758/27
TECLA-0512,bio_chebyshev1,TECLA,DRAFT,TERMINOLOGY: anglicisme sense terme català ni context d’ondulació.,https://www.ub.edu/portal/web/medicina-ciencias-salud/grados/-/ensenyaments/detall/6178758/27
TECLA-0530,bio_elliptic,TECLA,DRAFT,TERMINOLOGY: anglicisme sense terme català ni context d’ondulació.,https://www.ub.edu/portal/web/medicina-ciencias-salud/grados/-/ensenyaments/detall/6178758/27
TECLA-0562,bio_chebyshev2,TECLA,DRAFT,TERMINOLOGY: anglicisme sense terme català ni context d’ondulació.,https://www.ub.edu/portal/web/medicina-ciencias-salud/grados/-/ensenyaments/detall/6178758/27
TECLA-0599,bio_window_hamming,TECLA,DRAFT,AMBIGUITY: diverses finestres redueixen els lòbuls laterals respecte de la rectangular.,https://www.ub.edu/portal/web/medicina-ciencias-salud/grados/-/ensenyaments/detall/6178758/27
TECLA-0623,bio_chebyshev1,TECLA,DRAFT,TERMINOLOGY: anglicisme sense terme català ni context d’ondulació.,https://www.ub.edu/portal/web/medicina-ciencias-salud/grados/-/ensenyaments/detall/6178758/27
TECLA-0641,bio_elliptic,TECLA,DRAFT,TERMINOLOGY: anglicisme sense terme català ni context d’ondulació.,https://www.ub.edu/portal/web/medicina-ciencias-salud/grados/-/ensenyaments/detall/6178758/27
TECLA-0673,bio_chebyshev2,TECLA,DRAFT,TERMINOLOGY: anglicisme sense terme català ni context d’ondulació.,https://www.ub.edu/portal/web/medicina-ciencias-salud/grados/-/ensenyaments/detall/6178758/27
TECLA-0710,bio_window_hamming,TECLA,DRAFT,AMBIGUITY: diverses finestres redueixen els lòbuls laterals respecte de la rectangular.,https://www.ub.edu/portal/web/medicina-ciencias-salud/grados/-/ensenyaments/detall/6178758/27
TECLA-0734,bio_chebyshev1,TECLA,DRAFT,TERMINOLOGY: anglicisme sense terme català ni context d’ondulació.,https://www.ub.edu/portal/web/medicina-ciencias-salud/grados/-/ensenyaments/detall/6178758/27
TECLA-0752,bio_elliptic,TECLA,DRAFT,TERMINOLOGY: anglicisme sense terme català ni context d’ondulació.,https://www.ub.edu/portal/web/medicina-ciencias-salud/grados/-/ensenyaments/detall/6178758/27
TECLA-0784,bio_chebyshev2,TECLA,DRAFT,TERMINOLOGY: anglicisme sense terme català ni context d’ondulació.,https://www.ub.edu/portal/web/medicina-ciencias-salud/grados/-/ensenyaments/detall/6178758/27
TECLA-0801,sit_vila_names,TECLA,DRAFT,SOURCE_PENDING: pàgina oficial detallada inaccessible o fet encara no confirmat en la font consultada.,https://www.sitgesfestamajor.cat/sobre-la-festa/el-seguici-popular/
TECLA-0802,sit_pastorets_sling,TECLA,DRAFT,SOURCE_PENDING: pàgina oficial detallada inaccessible o fet encara no confirmat en la font consultada.,https://www.sitgesfestamajor.cat/sobre-la-festa/el-seguici-popular/
TECLA-0804,sit_moix_candlers,TECLA,DRAFT,SOURCE_PENDING: pàgina oficial detallada inaccessible o fet encara no confirmat en la font consultada.,https://www.sitgesfestamajor.cat/sobre-la-festa/el-seguici-popular/
TECLA-0806,sit_gitanes_extra,TECLA,DRAFT,SOURCE_PENDING: pàgina oficial detallada inaccessible o fet encara no confirmat en la font consultada.,https://www.sitgesfestamajor.cat/sobre-la-festa/el-seguici-popular/
TECLA-0808,sit_september_patron,TECLA,DRAFT,SOURCE_PENDING: pàgina oficial detallada inaccessible o fet encara no confirmat en la font consultada.,https://www.sitgesfestamajor.cat/sobre-la-festa/el-seguici-popular/
TECLA-0811,sit_august_patron,TECLA,DRAFT,SOURCE_PENDING: pàgina oficial detallada inaccessible o fet encara no confirmat en la font consultada.,https://www.sitgesfestamajor.cat/sobre-la-festa/el-seguici-popular/
TECLA-0813,sit_pastorets_young,TECLA,DRAFT,SOURCE_PENDING: pàgina oficial detallada inaccessible o fet encara no confirmat en la font consultada.,https://www.sitgesfestamajor.cat/sobre-la-festa/el-seguici-popular/
TECLA-0814,sit_gitanes_parts,TECLA,DRAFT,SOURCE_PENDING: pàgina oficial detallada inaccessible o fet encara no confirmat en la font consultada.,https://www.sitgesfestamajor.cat/sobre-la-festa/el-seguici-popular/
TECLA-0817,sit_pastorets_bag,TECLA,DRAFT,SOURCE_PENDING: pàgina oficial detallada inaccessible o fet encara no confirmat en la font consultada.,https://www.sitgesfestamajor.cat/sobre-la-festa/el-seguici-popular/
TECLA-0818,sit_moix_christ,TECLA,DRAFT,SOURCE_PENDING: pàgina oficial detallada inaccessible o fet encara no confirmat en la font consultada.,https://www.sitgesfestamajor.cat/sobre-la-festa/el-seguici-popular/
TECLA-0821,sit_cercolets_music,TECLA,DRAFT,SOURCE_PENDING: pàgina oficial detallada inaccessible o fet encara no confirmat en la font consultada.,https://www.sitgesfestamajor.cat/sobre-la-festa/el-seguici-popular/
TECLA-0823,sit_cintes_colors,TECLA,DRAFT,SOURCE_PENDING: pàgina oficial detallada inaccessible o fet encara no confirmat en la font consultada.,https://www.sitgesfestamajor.cat/sobre-la-festa/el-seguici-popular/
TECLA-0827,sit_moix_repeat,TECLA,DRAFT,SOURCE_PENDING: pàgina oficial detallada inaccessible o fet encara no confirmat en la font consultada.,https://www.sitgesfestamajor.cat/sobre-la-festa/el-seguici-popular/
TECLA-0829,sit_moix_types,TECLA,DRAFT,SOURCE_PENDING: pàgina oficial detallada inaccessible o fet encara no confirmat en la font consultada.,https://www.sitgesfestamajor.cat/sobre-la-festa/el-seguici-popular/
TECLA-0830,sit_american_theme,TECLA,DRAFT,SOURCE_PENDING: pàgina oficial detallada inaccessible o fet encara no confirmat en la font consultada.,https://www.sitgesfestamajor.cat/sobre-la-festa/el-seguici-popular/
TECLA-0832,sit_patrons,TECLA,DRAFT,SOURCE_PENDING: pàgina oficial detallada inaccessible o fet encara no confirmat en la font consultada.,https://www.sitgesfestamajor.cat/sobre-la-festa/el-seguici-popular/
TECLA-0834,sit_recent_elements,TECLA,DRAFT,SOURCE_PENDING: pàgina oficial detallada inaccessible o fet encara no confirmat en la font consultada. | TEMPORAL: «més recent» i el recorregut històric no tenen una data de referència en la pregunta.,https://www.sitgesfestamajor.cat/sobre-la-festa/el-seguici-popular/
TECLA-0835,sit_pastorets_wood,TECLA,DRAFT,SOURCE_PENDING: pàgina oficial detallada inaccessible o fet encara no confirmat en la font consultada.,https://www.sitgesfestamajor.cat/sobre-la-festa/el-seguici-popular/
TECLA-0836,sit_cintes_origin,TECLA,DRAFT,SOURCE_PENDING: pàgina oficial detallada inaccessible o fet encara no confirmat en la font consultada.,https://www.sitgesfestamajor.cat/sobre-la-festa/el-seguici-popular/
TECLA-0837,sit_moor_names,TECLA,DRAFT,SOURCE_PENDING: pàgina oficial detallada inaccessible o fet encara no confirmat en la font consultada.,https://www.sitgesfestamajor.cat/sobre-la-festa/el-seguici-popular/
TECLA-0839,sit_american_names,TECLA,DRAFT,SOURCE_PENDING: pàgina oficial detallada inaccessible o fet encara no confirmat en la font consultada.,https://www.sitgesfestamajor.cat/sobre-la-festa/el-seguici-popular/
TECLA-0840,sit_gitanes_roles,TECLA,DRAFT,SOURCE_PENDING: pàgina oficial detallada inaccessible o fet encara no confirmat en la font consultada.,https://www.sitgesfestamajor.cat/sobre-la-festa/el-seguici-popular/
TECLA-0843,sit_cercolets_leader,TECLA,DRAFT,SOURCE_PENDING: pàgina oficial detallada inaccessible o fet encara no confirmat en la font consultada.,https://www.sitgesfestamajor.cat/sobre-la-festa/el-seguici-popular/
TECLA-0844,sit_moix_argolla,TECLA,DRAFT,SOURCE_PENDING: pàgina oficial detallada inaccessible o fet encara no confirmat en la font consultada.,https://www.sitgesfestamajor.cat/sobre-la-festa/el-seguici-popular/
TECLA-0846,sit_panxita_inspiration,TECLA,DRAFT,SOURCE_PENDING: pàgina oficial detallada inaccessible o fet encara no confirmat en la font consultada.,https://www.sitgesfestamajor.cat/sobre-la-festa/el-seguici-popular/
TECLA-0847,sit_cercolets_bell,TECLA,DRAFT,SOURCE_PENDING: pàgina oficial detallada inaccessible o fet encara no confirmat en la font consultada.,https://www.sitgesfestamajor.cat/sobre-la-festa/el-seguici-popular/
TECLA-0850,sit_old_giants_date,TECLA,DRAFT,SOURCE_PENDING: pàgina oficial detallada inaccessible o fet encara no confirmat en la font consultada.,https://www.sitgesfestamajor.cat/sobre-la-festa/el-seguici-popular/
TECLA-0851,sit_vila_names,TECLA,DRAFT,SOURCE_PENDING: pàgina oficial detallada inaccessible o fet encara no confirmat en la font consultada.,https://www.sitgesfestamajor.cat/sobre-la-festa/el-seguici-popular/
TECLA-0852,sit_pastorets_sling,TECLA,DRAFT,SOURCE_PENDING: pàgina oficial detallada inaccessible o fet encara no confirmat en la font consultada.,https://www.sitgesfestamajor.cat/sobre-la-festa/el-seguici-popular/
TECLA-0854,sit_moix_candlers,TECLA,DRAFT,SOURCE_PENDING: pàgina oficial detallada inaccessible o fet encara no confirmat en la font consultada.,https://www.sitgesfestamajor.cat/sobre-la-festa/el-seguici-popular/
TECLA-0856,sit_gitanes_extra,TECLA,DRAFT,SOURCE_PENDING: pàgina oficial detallada inaccessible o fet encara no confirmat en la font consultada.,https://www.sitgesfestamajor.cat/sobre-la-festa/el-seguici-popular/
TECLA-0858,sit_september_patron,TECLA,DRAFT,SOURCE_PENDING: pàgina oficial detallada inaccessible o fet encara no confirmat en la font consultada.,https://www.sitgesfestamajor.cat/sobre-la-festa/el-seguici-popular/
TECLA-0861,sit_august_patron,TECLA,DRAFT,SOURCE_PENDING: pàgina oficial detallada inaccessible o fet encara no confirmat en la font consultada.,https://www.sitgesfestamajor.cat/sobre-la-festa/el-seguici-popular/
TECLA-0863,sit_pastorets_young,TECLA,DRAFT,SOURCE_PENDING: pàgina oficial detallada inaccessible o fet encara no confirmat en la font consultada.,https://www.sitgesfestamajor.cat/sobre-la-festa/el-seguici-popular/
TECLA-0864,sit_gitanes_parts,TECLA,DRAFT,SOURCE_PENDING: pàgina oficial detallada inaccessible o fet encara no confirmat en la font consultada.,https://www.sitgesfestamajor.cat/sobre-la-festa/el-seguici-popular/
TECLA-0867,sit_pastorets_bag,TECLA,DRAFT,SOURCE_PENDING: pàgina oficial detallada inaccessible o fet encara no confirmat en la font consultada.,https://www.sitgesfestamajor.cat/sobre-la-festa/el-seguici-popular/
TECLA-0868,sit_moix_christ,TECLA,DRAFT,SOURCE_PENDING: pàgina oficial detallada inaccessible o fet encara no confirmat en la font consultada.,https://www.sitgesfestamajor.cat/sobre-la-festa/el-seguici-popular/
TECLA-0871,sit_cercolets_music,TECLA,DRAFT,SOURCE_PENDING: pàgina oficial detallada inaccessible o fet encara no confirmat en la font consultada.,https://www.sitgesfestamajor.cat/sobre-la-festa/el-seguici-popular/
TECLA-0873,sit_cintes_colors,TECLA,DRAFT,SOURCE_PENDING: pàgina oficial detallada inaccessible o fet encara no confirmat en la font consultada.,https://www.sitgesfestamajor.cat/sobre-la-festa/el-seguici-popular/
TECLA-0877,sit_moix_repeat,TECLA,DRAFT,SOURCE_PENDING: pàgina oficial detallada inaccessible o fet encara no confirmat en la font consultada.,https://www.sitgesfestamajor.cat/sobre-la-festa/el-seguici-popular/
TECLA-0879,sit_moix_types,TECLA,DRAFT,SOURCE_PENDING: pàgina oficial detallada inaccessible o fet encara no confirmat en la font consultada.,https://www.sitgesfestamajor.cat/sobre-la-festa/el-seguici-popular/
TECLA-0880,sit_american_theme,TECLA,DRAFT,SOURCE_PENDING: pàgina oficial detallada inaccessible o fet encara no confirmat en la font consultada.,https://www.sitgesfestamajor.cat/sobre-la-festa/el-seguici-popular/
TECLA-0882,sit_patrons,TECLA,DRAFT,SOURCE_PENDING: pàgina oficial detallada inaccessible o fet encara no confirmat en la font consultada.,https://www.sitgesfestamajor.cat/sobre-la-festa/el-seguici-popular/
TECLA-0884,sit_recent_elements,TECLA,DRAFT,SOURCE_PENDING: pàgina oficial detallada inaccessible o fet encara no confirmat en la font consultada. | TEMPORAL: «més recent» i el recorregut històric no tenen una data de referència en la pregunta.,https://www.sitgesfestamajor.cat/sobre-la-festa/el-seguici-popular/
TECLA-0885,sit_pastorets_wood,TECLA,DRAFT,SOURCE_PENDING: pàgina oficial detallada inaccessible o fet encara no confirmat en la font consultada.,https://www.sitgesfestamajor.cat/sobre-la-festa/el-seguici-popular/
TECLA-0886,sit_cintes_origin,TECLA,DRAFT,SOURCE_PENDING: pàgina oficial detallada inaccessible o fet encara no confirmat en la font consultada.,https://www.sitgesfestamajor.cat/sobre-la-festa/el-seguici-popular/
TECLA-0887,sit_moor_names,TECLA,DRAFT,SOURCE_PENDING: pàgina oficial detallada inaccessible o fet encara no confirmat en la font consultada.,https://www.sitgesfestamajor.cat/sobre-la-festa/el-seguici-popular/
TECLA-0889,sit_american_names,TECLA,DRAFT,SOURCE_PENDING: pàgina oficial detallada inaccessible o fet encara no confirmat en la font consultada.,https://www.sitgesfestamajor.cat/sobre-la-festa/el-seguici-popular/
TECLA-0890,sit_gitanes_roles,TECLA,DRAFT,SOURCE_PENDING: pàgina oficial detallada inaccessible o fet encara no confirmat en la font consultada.,https://www.sitgesfestamajor.cat/sobre-la-festa/el-seguici-popular/
TECLA-0893,sit_cercolets_leader,TECLA,DRAFT,SOURCE_PENDING: pàgina oficial detallada inaccessible o fet encara no confirmat en la font consultada.,https://www.sitgesfestamajor.cat/sobre-la-festa/el-seguici-popular/
TECLA-0894,sit_moix_argolla,TECLA,DRAFT,SOURCE_PENDING: pàgina oficial detallada inaccessible o fet encara no confirmat en la font consultada.,https://www.sitgesfestamajor.cat/sobre-la-festa/el-seguici-popular/
TECLA-0896,sit_panxita_inspiration,TECLA,DRAFT,SOURCE_PENDING: pàgina oficial detallada inaccessible o fet encara no confirmat en la font consultada.,https://www.sitgesfestamajor.cat/sobre-la-festa/el-seguici-popular/
TECLA-0897,sit_cercolets_bell,TECLA,DRAFT,SOURCE_PENDING: pàgina oficial detallada inaccessible o fet encara no confirmat en la font consultada.,https://www.sitgesfestamajor.cat/sobre-la-festa/el-seguici-popular/
TECLA-0900,sit_old_giants_date,TECLA,DRAFT,SOURCE_PENDING: pàgina oficial detallada inaccessible o fet encara no confirmat en la font consultada.,https://www.sitgesfestamajor.cat/sobre-la-festa/el-seguici-popular/
TECLA-0901,sit_vila_names,TECLA,DRAFT,SOURCE_PENDING: pàgina oficial detallada inaccessible o fet encara no confirmat en la font consultada.,https://www.sitgesfestamajor.cat/sobre-la-festa/el-seguici-popular/
TECLA-0902,sit_pastorets_sling,TECLA,DRAFT,SOURCE_PENDING: pàgina oficial detallada inaccessible o fet encara no confirmat en la font consultada.,https://www.sitgesfestamajor.cat/sobre-la-festa/el-seguici-popular/
TECLA-0904,sit_moix_candlers,TECLA,DRAFT,SOURCE_PENDING: pàgina oficial detallada inaccessible o fet encara no confirmat en la font consultada.,https://www.sitgesfestamajor.cat/sobre-la-festa/el-seguici-popular/
TECLA-0906,sit_gitanes_extra,TECLA,DRAFT,SOURCE_PENDING: pàgina oficial detallada inaccessible o fet encara no confirmat en la font consultada.,https://www.sitgesfestamajor.cat/sobre-la-festa/el-seguici-popular/
TECLA-0908,sit_september_patron,TECLA,DRAFT,SOURCE_PENDING: pàgina oficial detallada inaccessible o fet encara no confirmat en la font consultada.,https://www.sitgesfestamajor.cat/sobre-la-festa/el-seguici-popular/
TECLA-0911,sit_august_patron,TECLA,DRAFT,SOURCE_PENDING: pàgina oficial detallada inaccessible o fet encara no confirmat en la font consultada.,https://www.sitgesfestamajor.cat/sobre-la-festa/el-seguici-popular/
TECLA-0913,sit_pastorets_young,TECLA,DRAFT,SOURCE_PENDING: pàgina oficial detallada inaccessible o fet encara no confirmat en la font consultada.,https://www.sitgesfestamajor.cat/sobre-la-festa/el-seguici-popular/
TECLA-0914,sit_gitanes_parts,TECLA,DRAFT,SOURCE_PENDING: pàgina oficial detallada inaccessible o fet encara no confirmat en la font consultada.,https://www.sitgesfestamajor.cat/sobre-la-festa/el-seguici-popular/
TECLA-0917,sit_pastorets_bag,TECLA,DRAFT,SOURCE_PENDING: pàgina oficial detallada inaccessible o fet encara no confirmat en la font consultada.,https://www.sitgesfestamajor.cat/sobre-la-festa/el-seguici-popular/
TECLA-0918,sit_moix_christ,TECLA,DRAFT,SOURCE_PENDING: pàgina oficial detallada inaccessible o fet encara no confirmat en la font consultada.,https://www.sitgesfestamajor.cat/sobre-la-festa/el-seguici-popular/
TECLA-0921,sit_cercolets_music,TECLA,DRAFT,SOURCE_PENDING: pàgina oficial detallada inaccessible o fet encara no confirmat en la font consultada.,https://www.sitgesfestamajor.cat/sobre-la-festa/el-seguici-popular/
TECLA-0923,sit_cintes_colors,TECLA,DRAFT,SOURCE_PENDING: pàgina oficial detallada inaccessible o fet encara no confirmat en la font consultada.,https://www.sitgesfestamajor.cat/sobre-la-festa/el-seguici-popular/
TECLA-0927,sit_moix_repeat,TECLA,DRAFT,SOURCE_PENDING: pàgina oficial detallada inaccessible o fet encara no confirmat en la font consultada.,https://www.sitgesfestamajor.cat/sobre-la-festa/el-seguici-popular/
TECLA-0929,sit_moix_types,TECLA,DRAFT,SOURCE_PENDING: pàgina oficial detallada inaccessible o fet encara no confirmat en la font consultada.,https://www.sitgesfestamajor.cat/sobre-la-festa/el-seguici-popular/
TECLA-0930,sit_american_theme,TECLA,DRAFT,SOURCE_PENDING: pàgina oficial detallada inaccessible o fet encara no confirmat en la font consultada.,https://www.sitgesfestamajor.cat/sobre-la-festa/el-seguici-popular/
TECLA-0932,sit_patrons,TECLA,DRAFT,SOURCE_PENDING: pàgina oficial detallada inaccessible o fet encara no confirmat en la font consultada.,https://www.sitgesfestamajor.cat/sobre-la-festa/el-seguici-popular/
TECLA-0934,sit_recent_elements,TECLA,DRAFT,SOURCE_PENDING: pàgina oficial detallada inaccessible o fet encara no confirmat en la font consultada. | TEMPORAL: «més recent» i el recorregut històric no tenen una data de referència en la pregunta.,https://www.sitgesfestamajor.cat/sobre-la-festa/el-seguici-popular/
TECLA-0935,sit_pastorets_wood,TECLA,DRAFT,SOURCE_PENDING: pàgina oficial detallada inaccessible o fet encara no confirmat en la font consultada.,https://www.sitgesfestamajor.cat/sobre-la-festa/el-seguici-popular/
TECLA-0936,sit_cintes_origin,TECLA,DRAFT,SOURCE_PENDING: pàgina oficial detallada inaccessible o fet encara no confirmat en la font consultada.,https://www.sitgesfestamajor.cat/sobre-la-festa/el-seguici-popular/
TECLA-0937,sit_moor_names,TECLA,DRAFT,SOURCE_PENDING: pàgina oficial detallada inaccessible o fet encara no confirmat en la font consultada.,https://www.sitgesfestamajor.cat/sobre-la-festa/el-seguici-popular/
TECLA-0939,sit_american_names,TECLA,DRAFT,SOURCE_PENDING: pàgina oficial detallada inaccessible o fet encara no confirmat en la font consultada.,https://www.sitgesfestamajor.cat/sobre-la-festa/el-seguici-popular/
TECLA-0940,sit_gitanes_roles,TECLA,DRAFT,SOURCE_PENDING: pàgina oficial detallada inaccessible o fet encara no confirmat en la font consultada.,https://www.sitgesfestamajor.cat/sobre-la-festa/el-seguici-popular/
TECLA-0943,sit_cercolets_leader,TECLA,DRAFT,SOURCE_PENDING: pàgina oficial detallada inaccessible o fet encara no confirmat en la font consultada.,https://www.sitgesfestamajor.cat/sobre-la-festa/el-seguici-popular/
TECLA-0944,sit_moix_argolla,TECLA,DRAFT,SOURCE_PENDING: pàgina oficial detallada inaccessible o fet encara no confirmat en la font consultada.,https://www.sitgesfestamajor.cat/sobre-la-festa/el-seguici-popular/
TECLA-0946,sit_panxita_inspiration,TECLA,DRAFT,SOURCE_PENDING: pàgina oficial detallada inaccessible o fet encara no confirmat en la font consultada.,https://www.sitgesfestamajor.cat/sobre-la-festa/el-seguici-popular/
TECLA-0947,sit_cercolets_bell,TECLA,DRAFT,SOURCE_PENDING: pàgina oficial detallada inaccessible o fet encara no confirmat en la font consultada.,https://www.sitgesfestamajor.cat/sobre-la-festa/el-seguici-popular/
TECLA-0950,sit_old_giants_date,TECLA,DRAFT,SOURCE_PENDING: pàgina oficial detallada inaccessible o fet encara no confirmat en la font consultada.,https://www.sitgesfestamajor.cat/sobre-la-festa/el-seguici-popular/
TECLA-0951,sit_vila_names,TECLA,DRAFT,SOURCE_PENDING: pàgina oficial detallada inaccessible o fet encara no confirmat en la font consultada.,https://www.sitgesfestamajor.cat/sobre-la-festa/el-seguici-popular/
TECLA-0952,sit_pastorets_sling,TECLA,DRAFT,SOURCE_PENDING: pàgina oficial detallada inaccessible o fet encara no confirmat en la font consultada.,https://www.sitgesfestamajor.cat/sobre-la-festa/el-seguici-popular/
TECLA-0954,sit_moix_candlers,TECLA,DRAFT,SOURCE_PENDING: pàgina oficial detallada inaccessible o fet encara no confirmat en la font consultada.,https://www.sitgesfestamajor.cat/sobre-la-festa/el-seguici-popular/
TECLA-0956,sit_gitanes_extra,TECLA,DRAFT,SOURCE_PENDING: pàgina oficial detallada inaccessible o fet encara no confirmat en la font consultada.,https://www.sitgesfestamajor.cat/sobre-la-festa/el-seguici-popular/
TECLA-0958,sit_september_patron,TECLA,DRAFT,SOURCE_PENDING: pàgina oficial detallada inaccessible o fet encara no confirmat en la font consultada.,https://www.sitgesfestamajor.cat/sobre-la-festa/el-seguici-popular/
TECLA-0961,sit_august_patron,TECLA,DRAFT,SOURCE_PENDING: pàgina oficial detallada inaccessible o fet encara no confirmat en la font consultada.,https://www.sitgesfestamajor.cat/sobre-la-festa/el-seguici-popular/
TECLA-0963,sit_pastorets_young,TECLA,DRAFT,SOURCE_PENDING: pàgina oficial detallada inaccessible o fet encara no confirmat en la font consultada.,https://www.sitgesfestamajor.cat/sobre-la-festa/el-seguici-popular/
TECLA-0964,sit_gitanes_parts,TECLA,DRAFT,SOURCE_PENDING: pàgina oficial detallada inaccessible o fet encara no confirmat en la font consultada.,https://www.sitgesfestamajor.cat/sobre-la-festa/el-seguici-popular/
TECLA-0967,sit_pastorets_bag,TECLA,DRAFT,SOURCE_PENDING: pàgina oficial detallada inaccessible o fet encara no confirmat en la font consultada.,https://www.sitgesfestamajor.cat/sobre-la-festa/el-seguici-popular/
TECLA-0968,sit_moix_christ,TECLA,DRAFT,SOURCE_PENDING: pàgina oficial detallada inaccessible o fet encara no confirmat en la font consultada.,https://www.sitgesfestamajor.cat/sobre-la-festa/el-seguici-popular/
TECLA-0971,sit_cercolets_music,TECLA,DRAFT,SOURCE_PENDING: pàgina oficial detallada inaccessible o fet encara no confirmat en la font consultada.,https://www.sitgesfestamajor.cat/sobre-la-festa/el-seguici-popular/
TECLA-0973,sit_cintes_colors,TECLA,DRAFT,SOURCE_PENDING: pàgina oficial detallada inaccessible o fet encara no confirmat en la font consultada.,https://www.sitgesfestamajor.cat/sobre-la-festa/el-seguici-popular/
TECLA-0977,sit_moix_repeat,TECLA,DRAFT,SOURCE_PENDING: pàgina oficial detallada inaccessible o fet encara no confirmat en la font consultada.,https://www.sitgesfestamajor.cat/sobre-la-festa/el-seguici-popular/
TECLA-0979,sit_moix_types,TECLA,DRAFT,SOURCE_PENDING: pàgina oficial detallada inaccessible o fet encara no confirmat en la font consultada.,https://www.sitgesfestamajor.cat/sobre-la-festa/el-seguici-popular/
TECLA-0980,sit_american_theme,TECLA,DRAFT,SOURCE_PENDING: pàgina oficial detallada inaccessible o fet encara no confirmat en la font consultada.,https://www.sitgesfestamajor.cat/sobre-la-festa/el-seguici-popular/
TECLA-0982,sit_patrons,TECLA,DRAFT,SOURCE_PENDING: pàgina oficial detallada inaccessible o fet encara no confirmat en la font consultada.,https://www.sitgesfestamajor.cat/sobre-la-festa/el-seguici-popular/
TECLA-0984,sit_recent_elements,TECLA,DRAFT,SOURCE_PENDING: pàgina oficial detallada inaccessible o fet encara no confirmat en la font consultada. | TEMPORAL: «més recent» i el recorregut històric no tenen una data de referència en la pregunta.,https://www.sitgesfestamajor.cat/sobre-la-festa/el-seguici-popular/
TECLA-0985,sit_pastorets_wood,TECLA,DRAFT,SOURCE_PENDING: pàgina oficial detallada inaccessible o fet encara no confirmat en la font consultada.,https://www.sitgesfestamajor.cat/sobre-la-festa/el-seguici-popular/
TECLA-0986,sit_cintes_origin,TECLA,DRAFT,SOURCE_PENDING: pàgina oficial detallada inaccessible o fet encara no confirmat en la font consultada.,https://www.sitgesfestamajor.cat/sobre-la-festa/el-seguici-popular/
TECLA-0987,sit_moor_names,TECLA,DRAFT,SOURCE_PENDING: pàgina oficial detallada inaccessible o fet encara no confirmat en la font consultada.,https://www.sitgesfestamajor.cat/sobre-la-festa/el-seguici-popular/
TECLA-0989,sit_american_names,TECLA,DRAFT,SOURCE_PENDING: pàgina oficial detallada inaccessible o fet encara no confirmat en la font consultada.,https://www.sitgesfestamajor.cat/sobre-la-festa/el-seguici-popular/
TECLA-0990,sit_gitanes_roles,TECLA,DRAFT,SOURCE_PENDING: pàgina oficial detallada inaccessible o fet encara no confirmat en la font consultada.,https://www.sitgesfestamajor.cat/sobre-la-festa/el-seguici-popular/
TECLA-0993,sit_cercolets_leader,TECLA,DRAFT,SOURCE_PENDING: pàgina oficial detallada inaccessible o fet encara no confirmat en la font consultada.,https://www.sitgesfestamajor.cat/sobre-la-festa/el-seguici-popular/
TECLA-0994,sit_moix_argolla,TECLA,DRAFT,SOURCE_PENDING: pàgina oficial detallada inaccessible o fet encara no confirmat en la font consultada.,https://www.sitgesfestamajor.cat/sobre-la-festa/el-seguici-popular/
TECLA-0996,sit_panxita_inspiration,TECLA,DRAFT,SOURCE_PENDING: pàgina oficial detallada inaccessible o fet encara no confirmat en la font consultada.,https://www.sitgesfestamajor.cat/sobre-la-festa/el-seguici-popular/
TECLA-0997,sit_cercolets_bell,TECLA,DRAFT,SOURCE_PENDING: pàgina oficial detallada inaccessible o fet encara no confirmat en la font consultada.,https://www.sitgesfestamajor.cat/sobre-la-festa/el-seguici-popular/
TECLA-1000,sit_old_giants_date,TECLA,DRAFT,SOURCE_PENDING: pàgina oficial detallada inaccessible o fet encara no confirmat en la font consultada.,https://www.sitgesfestamajor.cat/sobre-la-festa/el-seguici-popular/
TECLA-1001,sit_vila_names,TECLA,DRAFT,SOURCE_PENDING: pàgina oficial detallada inaccessible o fet encara no confirmat en la font consultada.,https://www.sitgesfestamajor.cat/sobre-la-festa/el-seguici-popular/
TECLA-1002,sit_pastorets_sling,TECLA,DRAFT,SOURCE_PENDING: pàgina oficial detallada inaccessible o fet encara no confirmat en la font consultada.,https://www.sitgesfestamajor.cat/sobre-la-festa/el-seguici-popular/
TECLA-1004,sit_moix_candlers,TECLA,DRAFT,SOURCE_PENDING: pàgina oficial detallada inaccessible o fet encara no confirmat en la font consultada.,https://www.sitgesfestamajor.cat/sobre-la-festa/el-seguici-popular/
TECLA-1006,sit_gitanes_extra,TECLA,DRAFT,SOURCE_PENDING: pàgina oficial detallada inaccessible o fet encara no confirmat en la font consultada.,https://www.sitgesfestamajor.cat/sobre-la-festa/el-seguici-popular/
TECLA-1008,sit_september_patron,TECLA,DRAFT,SOURCE_PENDING: pàgina oficial detallada inaccessible o fet encara no confirmat en la font consultada.,https://www.sitgesfestamajor.cat/sobre-la-festa/el-seguici-popular/
TECLA-1011,sit_august_patron,TECLA,DRAFT,SOURCE_PENDING: pàgina oficial detallada inaccessible o fet encara no confirmat en la font consultada.,https://www.sitgesfestamajor.cat/sobre-la-festa/el-seguici-popular/
TECLA-1013,sit_pastorets_young,TECLA,DRAFT,SOURCE_PENDING: pàgina oficial detallada inaccessible o fet encara no confirmat en la font consultada.,https://www.sitgesfestamajor.cat/sobre-la-festa/el-seguici-popular/
TECLA-1014,sit_gitanes_parts,TECLA,DRAFT,SOURCE_PENDING: pàgina oficial detallada inaccessible o fet encara no confirmat en la font consultada.,https://www.sitgesfestamajor.cat/sobre-la-festa/el-seguici-popular/
TECLA-1017,sit_pastorets_bag,TECLA,DRAFT,SOURCE_PENDING: pàgina oficial detallada inaccessible o fet encara no confirmat en la font consultada.,https://www.sitgesfestamajor.cat/sobre-la-festa/el-seguici-popular/
TECLA-1018,sit_moix_christ,TECLA,DRAFT,SOURCE_PENDING: pàgina oficial detallada inaccessible o fet encara no confirmat en la font consultada.,https://www.sitgesfestamajor.cat/sobre-la-festa/el-seguici-popular/
TECLA-1021,sit_cercolets_music,TECLA,DRAFT,SOURCE_PENDING: pàgina oficial detallada inaccessible o fet encara no confirmat en la font consultada.,https://www.sitgesfestamajor.cat/sobre-la-festa/el-seguici-popular/
TECLA-1023,sit_cintes_colors,TECLA,DRAFT,SOURCE_PENDING: pàgina oficial detallada inaccessible o fet encara no confirmat en la font consultada.,https://www.sitgesfestamajor.cat/sobre-la-festa/el-seguici-popular/
TECLA-1027,sit_moix_repeat,TECLA,DRAFT,SOURCE_PENDING: pàgina oficial detallada inaccessible o fet encara no confirmat en la font consultada.,https://www.sitgesfestamajor.cat/sobre-la-festa/el-seguici-popular/
TECLA-1029,sit_moix_types,TECLA,DRAFT,SOURCE_PENDING: pàgina oficial detallada inaccessible o fet encara no confirmat en la font consultada.,https://www.sitgesfestamajor.cat/sobre-la-festa/el-seguici-popular/
TECLA-1030,sit_american_theme,TECLA,DRAFT,SOURCE_PENDING: pàgina oficial detallada inaccessible o fet encara no confirmat en la font consultada.,https://www.sitgesfestamajor.cat/sobre-la-festa/el-seguici-popular/
TECLA-1032,sit_patrons,TECLA,DRAFT,SOURCE_PENDING: pàgina oficial detallada inaccessible o fet encara no confirmat en la font consultada.,https://www.sitgesfestamajor.cat/sobre-la-festa/el-seguici-popular/
TECLA-1034,sit_recent_elements,TECLA,DRAFT,SOURCE_PENDING: pàgina oficial detallada inaccessible o fet encara no confirmat en la font consultada. | TEMPORAL: «més recent» i el recorregut històric no tenen una data de referència en la pregunta.,https://www.sitgesfestamajor.cat/sobre-la-festa/el-seguici-popular/
TECLA-1035,sit_pastorets_wood,TECLA,DRAFT,SOURCE_PENDING: pàgina oficial detallada inaccessible o fet encara no confirmat en la font consultada.,https://www.sitgesfestamajor.cat/sobre-la-festa/el-seguici-popular/
TECLA-1036,sit_cintes_origin,TECLA,DRAFT,SOURCE_PENDING: pàgina oficial detallada inaccessible o fet encara no confirmat en la font consultada.,https://www.sitgesfestamajor.cat/sobre-la-festa/el-seguici-popular/
TECLA-1037,sit_moor_names,TECLA,DRAFT,SOURCE_PENDING: pàgina oficial detallada inaccessible o fet encara no confirmat en la font consultada.,https://www.sitgesfestamajor.cat/sobre-la-festa/el-seguici-popular/
TECLA-1039,sit_american_names,TECLA,DRAFT,SOURCE_PENDING: pàgina oficial detallada inaccessible o fet encara no confirmat en la font consultada.,https://www.sitgesfestamajor.cat/sobre-la-festa/el-seguici-popular/
TECLA-1040,sit_gitanes_roles,TECLA,DRAFT,SOURCE_PENDING: pàgina oficial detallada inaccessible o fet encara no confirmat en la font consultada.,https://www.sitgesfestamajor.cat/sobre-la-festa/el-seguici-popular/
TECLA-1043,sit_cercolets_leader,TECLA,DRAFT,SOURCE_PENDING: pàgina oficial detallada inaccessible o fet encara no confirmat en la font consultada.,https://www.sitgesfestamajor.cat/sobre-la-festa/el-seguici-popular/
TECLA-1044,sit_moix_argolla,TECLA,DRAFT,SOURCE_PENDING: pàgina oficial detallada inaccessible o fet encara no confirmat en la font consultada.,https://www.sitgesfestamajor.cat/sobre-la-festa/el-seguici-popular/
TECLA-1046,sit_panxita_inspiration,TECLA,DRAFT,SOURCE_PENDING: pàgina oficial detallada inaccessible o fet encara no confirmat en la font consultada.,https://www.sitgesfestamajor.cat/sobre-la-festa/el-seguici-popular/
TECLA-1047,sit_cercolets_bell,TECLA,DRAFT,SOURCE_PENDING: pàgina oficial detallada inaccessible o fet encara no confirmat en la font consultada.,https://www.sitgesfestamajor.cat/sobre-la-festa/el-seguici-popular/
TECLA-1050,sit_old_giants_date,TECLA,DRAFT,SOURCE_PENDING: pàgina oficial detallada inaccessible o fet encara no confirmat en la font consultada.,https://www.sitgesfestamajor.cat/sobre-la-festa/el-seguici-popular/
TECLA-1051,sit_vila_names,TECLA,DRAFT,SOURCE_PENDING: pàgina oficial detallada inaccessible o fet encara no confirmat en la font consultada.,https://www.sitgesfestamajor.cat/sobre-la-festa/el-seguici-popular/
TECLA-1052,sit_pastorets_sling,TECLA,DRAFT,SOURCE_PENDING: pàgina oficial detallada inaccessible o fet encara no confirmat en la font consultada.,https://www.sitgesfestamajor.cat/sobre-la-festa/el-seguici-popular/
TECLA-1054,sit_moix_candlers,TECLA,DRAFT,SOURCE_PENDING: pàgina oficial detallada inaccessible o fet encara no confirmat en la font consultada.,https://www.sitgesfestamajor.cat/sobre-la-festa/el-seguici-popular/
TECLA-1056,sit_gitanes_extra,TECLA,DRAFT,SOURCE_PENDING: pàgina oficial detallada inaccessible o fet encara no confirmat en la font consultada.,https://www.sitgesfestamajor.cat/sobre-la-festa/el-seguici-popular/
TECLA-1058,sit_september_patron,TECLA,DRAFT,SOURCE_PENDING: pàgina oficial detallada inaccessible o fet encara no confirmat en la font consultada.,https://www.sitgesfestamajor.cat/sobre-la-festa/el-seguici-popular/
TECLA-1061,sit_august_patron,TECLA,DRAFT,SOURCE_PENDING: pàgina oficial detallada inaccessible o fet encara no confirmat en la font consultada.,https://www.sitgesfestamajor.cat/sobre-la-festa/el-seguici-popular/
TECLA-1063,sit_pastorets_young,TECLA,DRAFT,SOURCE_PENDING: pàgina oficial detallada inaccessible o fet encara no confirmat en la font consultada.,https://www.sitgesfestamajor.cat/sobre-la-festa/el-seguici-popular/
TECLA-1064,sit_gitanes_parts,TECLA,DRAFT,SOURCE_PENDING: pàgina oficial detallada inaccessible o fet encara no confirmat en la font consultada.,https://www.sitgesfestamajor.cat/sobre-la-festa/el-seguici-popular/
TECLA-1067,sit_pastorets_bag,TECLA,DRAFT,SOURCE_PENDING: pàgina oficial detallada inaccessible o fet encara no confirmat en la font consultada.,https://www.sitgesfestamajor.cat/sobre-la-festa/el-seguici-popular/
TECLA-1068,sit_moix_christ,TECLA,DRAFT,SOURCE_PENDING: pàgina oficial detallada inaccessible o fet encara no confirmat en la font consultada.,https://www.sitgesfestamajor.cat/sobre-la-festa/el-seguici-popular/
TECLA-1071,sit_cercolets_music,TECLA,DRAFT,SOURCE_PENDING: pàgina oficial detallada inaccessible o fet encara no confirmat en la font consultada.,https://www.sitgesfestamajor.cat/sobre-la-festa/el-seguici-popular/
TECLA-1073,sit_cintes_colors,TECLA,DRAFT,SOURCE_PENDING: pàgina oficial detallada inaccessible o fet encara no confirmat en la font consultada.,https://www.sitgesfestamajor.cat/sobre-la-festa/el-seguici-popular/
TECLA-1077,sit_moix_repeat,TECLA,DRAFT,SOURCE_PENDING: pàgina oficial detallada inaccessible o fet encara no confirmat en la font consultada.,https://www.sitgesfestamajor.cat/sobre-la-festa/el-seguici-popular/
TECLA-1079,sit_moix_types,TECLA,DRAFT,SOURCE_PENDING: pàgina oficial detallada inaccessible o fet encara no confirmat en la font consultada.,https://www.sitgesfestamajor.cat/sobre-la-festa/el-seguici-popular/
TECLA-1080,sit_american_theme,TECLA,DRAFT,SOURCE_PENDING: pàgina oficial detallada inaccessible o fet encara no confirmat en la font consultada.,https://www.sitgesfestamajor.cat/sobre-la-festa/el-seguici-popular/
TECLA-1082,sit_patrons,TECLA,DRAFT,SOURCE_PENDING: pàgina oficial detallada inaccessible o fet encara no confirmat en la font consultada.,https://www.sitgesfestamajor.cat/sobre-la-festa/el-seguici-popular/
TECLA-1084,sit_recent_elements,TECLA,DRAFT,SOURCE_PENDING: pàgina oficial detallada inaccessible o fet encara no confirmat en la font consultada. | TEMPORAL: «més recent» i el recorregut històric no tenen una data de referència en la pregunta.,https://www.sitgesfestamajor.cat/sobre-la-festa/el-seguici-popular/
TECLA-1085,sit_pastorets_wood,TECLA,DRAFT,SOURCE_PENDING: pàgina oficial detallada inaccessible o fet encara no confirmat en la font consultada.,https://www.sitgesfestamajor.cat/sobre-la-festa/el-seguici-popular/
TECLA-1086,sit_cintes_origin,TECLA,DRAFT,SOURCE_PENDING: pàgina oficial detallada inaccessible o fet encara no confirmat en la font consultada.,https://www.sitgesfestamajor.cat/sobre-la-festa/el-seguici-popular/
TECLA-1087,sit_moor_names,TECLA,DRAFT,SOURCE_PENDING: pàgina oficial detallada inaccessible o fet encara no confirmat en la font consultada.,https://www.sitgesfestamajor.cat/sobre-la-festa/el-seguici-popular/
TECLA-1089,sit_american_names,TECLA,DRAFT,SOURCE_PENDING: pàgina oficial detallada inaccessible o fet encara no confirmat en la font consultada.,https://www.sitgesfestamajor.cat/sobre-la-festa/el-seguici-popular/
TECLA-1090,sit_gitanes_roles,TECLA,DRAFT,SOURCE_PENDING: pàgina oficial detallada inaccessible o fet encara no confirmat en la font consultada.,https://www.sitgesfestamajor.cat/sobre-la-festa/el-seguici-popular/
TECLA-1093,sit_cercolets_leader,TECLA,DRAFT,SOURCE_PENDING: pàgina oficial detallada inaccessible o fet encara no confirmat en la font consultada.,https://www.sitgesfestamajor.cat/sobre-la-festa/el-seguici-popular/
TECLA-1094,sit_moix_argolla,TECLA,DRAFT,SOURCE_PENDING: pàgina oficial detallada inaccessible o fet encara no confirmat en la font consultada.,https://www.sitgesfestamajor.cat/sobre-la-festa/el-seguici-popular/
TECLA-1096,sit_panxita_inspiration,TECLA,DRAFT,SOURCE_PENDING: pàgina oficial detallada inaccessible o fet encara no confirmat en la font consultada.,https://www.sitgesfestamajor.cat/sobre-la-festa/el-seguici-popular/
TECLA-1097,sit_cercolets_bell,TECLA,DRAFT,SOURCE_PENDING: pàgina oficial detallada inaccessible o fet encara no confirmat en la font consultada.,https://www.sitgesfestamajor.cat/sobre-la-festa/el-seguici-popular/
TECLA-1100,sit_old_giants_date,TECLA,DRAFT,SOURCE_PENDING: pàgina oficial detallada inaccessible o fet encara no confirmat en la font consultada.,https://www.sitgesfestamajor.cat/sobre-la-festa/el-seguici-popular/
TECLA-1101,sit_vila_names,TECLA,DRAFT,SOURCE_PENDING: pàgina oficial detallada inaccessible o fet encara no confirmat en la font consultada.,https://www.sitgesfestamajor.cat/sobre-la-festa/el-seguici-popular/
TECLA-1102,sit_pastorets_sling,TECLA,DRAFT,SOURCE_PENDING: pàgina oficial detallada inaccessible o fet encara no confirmat en la font consultada.,https://www.sitgesfestamajor.cat/sobre-la-festa/el-seguici-popular/
TECLA-1104,sit_moix_candlers,TECLA,DRAFT,SOURCE_PENDING: pàgina oficial detallada inaccessible o fet encara no confirmat en la font consultada.,https://www.sitgesfestamajor.cat/sobre-la-festa/el-seguici-popular/
TECLA-1106,sit_gitanes_extra,TECLA,DRAFT,SOURCE_PENDING: pàgina oficial detallada inaccessible o fet encara no confirmat en la font consultada.,https://www.sitgesfestamajor.cat/sobre-la-festa/el-seguici-popular/
TECLA-1108,sit_september_patron,TECLA,DRAFT,SOURCE_PENDING: pàgina oficial detallada inaccessible o fet encara no confirmat en la font consultada.,https://www.sitgesfestamajor.cat/sobre-la-festa/el-seguici-popular/
TECLA-1111,sit_august_patron,TECLA,DRAFT,SOURCE_PENDING: pàgina oficial detallada inaccessible o fet encara no confirmat en la font consultada.,https://www.sitgesfestamajor.cat/sobre-la-festa/el-seguici-popular/
TECLA-1113,sit_pastorets_young,TECLA,DRAFT,SOURCE_PENDING: pàgina oficial detallada inaccessible o fet encara no confirmat en la font consultada.,https://www.sitgesfestamajor.cat/sobre-la-festa/el-seguici-popular/
TECLA-1114,sit_gitanes_parts,TECLA,DRAFT,SOURCE_PENDING: pàgina oficial detallada inaccessible o fet encara no confirmat en la font consultada.,https://www.sitgesfestamajor.cat/sobre-la-festa/el-seguici-popular/
TECLA-1117,sit_pastorets_bag,TECLA,DRAFT,SOURCE_PENDING: pàgina oficial detallada inaccessible o fet encara no confirmat en la font consultada.,https://www.sitgesfestamajor.cat/sobre-la-festa/el-seguici-popular/
TECLA-1118,sit_moix_christ,TECLA,DRAFT,SOURCE_PENDING: pàgina oficial detallada inaccessible o fet encara no confirmat en la font consultada.,https://www.sitgesfestamajor.cat/sobre-la-festa/el-seguici-popular/
TECLA-1121,sit_cercolets_music,TECLA,DRAFT,SOURCE_PENDING: pàgina oficial detallada inaccessible o fet encara no confirmat en la font consultada.,https://www.sitgesfestamajor.cat/sobre-la-festa/el-seguici-popular/
TECLA-1123,sit_cintes_colors,TECLA,DRAFT,SOURCE_PENDING: pàgina oficial detallada inaccessible o fet encara no confirmat en la font consultada.,https://www.sitgesfestamajor.cat/sobre-la-festa/el-seguici-popular/
TECLA-1127,sit_moix_repeat,TECLA,DRAFT,SOURCE_PENDING: pàgina oficial detallada inaccessible o fet encara no confirmat en la font consultada.,https://www.sitgesfestamajor.cat/sobre-la-festa/el-seguici-popular/
TECLA-1129,sit_moix_types,TECLA,DRAFT,SOURCE_PENDING: pàgina oficial detallada inaccessible o fet encara no confirmat en la font consultada.,https://www.sitgesfestamajor.cat/sobre-la-festa/el-seguici-popular/
TECLA-1130,sit_american_theme,TECLA,DRAFT,SOURCE_PENDING: pàgina oficial detallada inaccessible o fet encara no confirmat en la font consultada.,https://www.sitgesfestamajor.cat/sobre-la-festa/el-seguici-popular/
TECLA-1132,sit_patrons,TECLA,DRAFT,SOURCE_PENDING: pàgina oficial detallada inaccessible o fet encara no confirmat en la font consultada.,https://www.sitgesfestamajor.cat/sobre-la-festa/el-seguici-popular/
TECLA-1134,sit_recent_elements,TECLA,DRAFT,SOURCE_PENDING: pàgina oficial detallada inaccessible o fet encara no confirmat en la font consultada. | TEMPORAL: «més recent» i el recorregut històric no tenen una data de referència en la pregunta.,https://www.sitgesfestamajor.cat/sobre-la-festa/el-seguici-popular/
TECLA-1135,sit_pastorets_wood,TECLA,DRAFT,SOURCE_PENDING: pàgina oficial detallada inaccessible o fet encara no confirmat en la font consultada.,https://www.sitgesfestamajor.cat/sobre-la-festa/el-seguici-popular/
TECLA-1136,sit_cintes_origin,TECLA,DRAFT,SOURCE_PENDING: pàgina oficial detallada inaccessible o fet encara no confirmat en la font consultada.,https://www.sitgesfestamajor.cat/sobre-la-festa/el-seguici-popular/
TECLA-1137,sit_moor_names,TECLA,DRAFT,SOURCE_PENDING: pàgina oficial detallada inaccessible o fet encara no confirmat en la font consultada.,https://www.sitgesfestamajor.cat/sobre-la-festa/el-seguici-popular/
TECLA-1139,sit_american_names,TECLA,DRAFT,SOURCE_PENDING: pàgina oficial detallada inaccessible o fet encara no confirmat en la font consultada.,https://www.sitgesfestamajor.cat/sobre-la-festa/el-seguici-popular/
TECLA-1140,sit_gitanes_roles,TECLA,DRAFT,SOURCE_PENDING: pàgina oficial detallada inaccessible o fet encara no confirmat en la font consultada.,https://www.sitgesfestamajor.cat/sobre-la-festa/el-seguici-popular/
TECLA-1143,sit_cercolets_leader,TECLA,DRAFT,SOURCE_PENDING: pàgina oficial detallada inaccessible o fet encara no confirmat en la font consultada.,https://www.sitgesfestamajor.cat/sobre-la-festa/el-seguici-popular/
TECLA-1144,sit_moix_argolla,TECLA,DRAFT,SOURCE_PENDING: pàgina oficial detallada inaccessible o fet encara no confirmat en la font consultada.,https://www.sitgesfestamajor.cat/sobre-la-festa/el-seguici-popular/
TECLA-1146,sit_panxita_inspiration,TECLA,DRAFT,SOURCE_PENDING: pàgina oficial detallada inaccessible o fet encara no confirmat en la font consultada.,https://www.sitgesfestamajor.cat/sobre-la-festa/el-seguici-popular/
TECLA-1147,sit_cercolets_bell,TECLA,DRAFT,SOURCE_PENDING: pàgina oficial detallada inaccessible o fet encara no confirmat en la font consultada.,https://www.sitgesfestamajor.cat/sobre-la-festa/el-seguici-popular/
TECLA-1150,sit_old_giants_date,TECLA,DRAFT,SOURCE_PENDING: pàgina oficial detallada inaccessible o fet encara no confirmat en la font consultada.,https://www.sitgesfestamajor.cat/sobre-la-festa/el-seguici-popular/
TECLA-1165,mus_slur,TECLA,DRAFT,"AMBIGUITY: una lligadura d’expressió indica articulació, no qualsevol línia de fraseig.",https://viva.pressbooks.pub/openmusictheory/
TECLA-1224,mus_slur,TECLA,DRAFT,"AMBIGUITY: una lligadura d’expressió indica articulació, no qualsevol línia de fraseig.",https://viva.pressbooks.pub/openmusictheory/
TECLA-1283,mus_slur,TECLA,DRAFT,"AMBIGUITY: una lligadura d’expressió indica articulació, no qualsevol línia de fraseig.",https://viva.pressbooks.pub/openmusictheory/
TECLA_PAU-0090,cs_serial_graph,TECLA_PAU,DRAFT,AMBIGUITY: manca especificar serialitzabilitat per conflictes.,https://www.fib.upc.edu/es/grados/grado-en-ingenieria-informatica/plan-de-estudios/asignaturas
TECLA_PAU-0217,cs_serial_graph,TECLA_PAU,DRAFT,AMBIGUITY: manca especificar serialitzabilitat per conflictes.,https://www.fib.upc.edu/es/grados/grado-en-ingenieria-informatica/plan-de-estudios/asignaturas
TECLA_PAU-0344,cs_serial_graph,TECLA_PAU,DRAFT,AMBIGUITY: manca especificar serialitzabilitat per conflictes.,https://www.fib.upc.edu/es/grados/grado-en-ingenieria-informatica/plan-de-estudios/asignaturas
TECLA_PAU-0444,geo_ven_currency,TECLA_PAU,DRAFT,TEMPORAL: codi ISO de moneda retirat o substituït; no activar sense revisió.,https://restcountries.com/
TECLA_PAU-0505,geo_nld_country_by_capital,TECLA_PAU,DRAFT,AMBIGUITY: capital i seu del govern diferents o capitals múltiples; falta precisar la funció.,https://restcountries.com/
TECLA_PAU-0509,geo_ben_country_by_capital,TECLA_PAU,DRAFT,AMBIGUITY: capital i seu del govern diferents o capitals múltiples; falta precisar la funció.,https://restcountries.com/
TECLA_PAU-0544,geo_mys_country_by_capital,TECLA_PAU,DRAFT,AMBIGUITY: capital i seu del govern diferents o capitals múltiples; falta precisar la funció.,https://restcountries.com/
TECLA_PAU-0672,ast_olympus,TECLA_PAU,DRAFT,"AMBIGUITY: «més gran» no precisa alçària, volum o superfície del volcà.",https://science.nasa.gov/solar-system/
TECLA_PAU-0676,gen_codon_AUA,TECLA_PAU,DRAFT,AMBIGUITY: cal especificar el codi genètic estàndard; hi ha codis alternatius.,https://www.ncbi.nlm.nih.gov/books/
TECLA_PAU-0711,gen_codon_AGA,TECLA_PAU,DRAFT,AMBIGUITY: cal especificar el codi genètic estàndard; hi ha codis alternatius.,https://www.ncbi.nlm.nih.gov/books/
TECLA_PAU-0735,gen_codon_AGG,TECLA_PAU,DRAFT,AMBIGUITY: cal especificar el codi genètic estàndard; hi ha codis alternatius.,https://www.ncbi.nlm.nih.gov/books/
PAU_TECLA-0075,bio_window_hamming,PAU_TECLA,DRAFT,AMBIGUITY: diverses finestres redueixen els lòbuls laterals respecte de la rectangular.,https://www.ub.edu/portal/web/medicina-ciencias-salud/grados/-/ensenyaments/detall/6178758/27
PAU_TECLA-0156,bio_window_hamming,PAU_TECLA,DRAFT,AMBIGUITY: diverses finestres redueixen els lòbuls laterals respecte de la rectangular.,https://www.ub.edu/portal/web/medicina-ciencias-salud/grados/-/ensenyaments/detall/6178758/27
PAU_TECLA-0237,bio_window_hamming,PAU_TECLA,DRAFT,AMBIGUITY: diverses finestres redueixen els lòbuls laterals respecte de la rectangular.,https://www.ub.edu/portal/web/medicina-ciencias-salud/grados/-/ensenyaments/detall/6178758/27
PAU_TECLA-0318,bio_window_hamming,PAU_TECLA,DRAFT,AMBIGUITY: diverses finestres redueixen els lòbuls laterals respecte de la rectangular.,https://www.ub.edu/portal/web/medicina-ciencias-salud/grados/-/ensenyaments/detall/6178758/27
PAU_TECLA-0351,sit_american_names,PAU_TECLA,DRAFT,SOURCE_PENDING: pàgina oficial detallada inaccessible o fet encara no confirmat en la font consultada.,https://www.sitgesfestamajor.cat/sobre-la-festa/el-seguici-popular/
PAU_TECLA-0353,sit_september_patron,PAU_TECLA,DRAFT,SOURCE_PENDING: pàgina oficial detallada inaccessible o fet encara no confirmat en la font consultada.,https://www.sitgesfestamajor.cat/sobre-la-festa/el-seguici-popular/
PAU_TECLA-0354,sit_cercolets_leader,PAU_TECLA,DRAFT,SOURCE_PENDING: pàgina oficial detallada inaccessible o fet encara no confirmat en la font consultada.,https://www.sitgesfestamajor.cat/sobre-la-festa/el-seguici-popular/
PAU_TECLA-0358,sit_gitanes_parts,PAU_TECLA,DRAFT,SOURCE_PENDING: pàgina oficial detallada inaccessible o fet encara no confirmat en la font consultada.,https://www.sitgesfestamajor.cat/sobre-la-festa/el-seguici-popular/
PAU_TECLA-0359,sit_moix_repeat,PAU_TECLA,DRAFT,SOURCE_PENDING: pàgina oficial detallada inaccessible o fet encara no confirmat en la font consultada.,https://www.sitgesfestamajor.cat/sobre-la-festa/el-seguici-popular/
PAU_TECLA-0360,sit_patrons,PAU_TECLA,DRAFT,SOURCE_PENDING: pàgina oficial detallada inaccessible o fet encara no confirmat en la font consultada.,https://www.sitgesfestamajor.cat/sobre-la-festa/el-seguici-popular/
PAU_TECLA-0362,sit_moix_argolla,PAU_TECLA,DRAFT,SOURCE_PENDING: pàgina oficial detallada inaccessible o fet encara no confirmat en la font consultada.,https://www.sitgesfestamajor.cat/sobre-la-festa/el-seguici-popular/
PAU_TECLA-0363,sit_pastorets_wood,PAU_TECLA,DRAFT,SOURCE_PENDING: pàgina oficial detallada inaccessible o fet encara no confirmat en la font consultada.,https://www.sitgesfestamajor.cat/sobre-la-festa/el-seguici-popular/
PAU_TECLA-0364,sit_moor_names,PAU_TECLA,DRAFT,SOURCE_PENDING: pàgina oficial detallada inaccessible o fet encara no confirmat en la font consultada.,https://www.sitgesfestamajor.cat/sobre-la-festa/el-seguici-popular/
PAU_TECLA-0367,sit_moix_christ,PAU_TECLA,DRAFT,SOURCE_PENDING: pàgina oficial detallada inaccessible o fet encara no confirmat en la font consultada.,https://www.sitgesfestamajor.cat/sobre-la-festa/el-seguici-popular/
PAU_TECLA-0368,sit_recent_elements,PAU_TECLA,DRAFT,SOURCE_PENDING: pàgina oficial detallada inaccessible o fet encara no confirmat en la font consultada. | TEMPORAL: «més recent» i el recorregut històric no tenen una data de referència en la pregunta.,https://www.sitgesfestamajor.cat/sobre-la-festa/el-seguici-popular/
PAU_TECLA-0370,sit_moix_types,PAU_TECLA,DRAFT,SOURCE_PENDING: pàgina oficial detallada inaccessible o fet encara no confirmat en la font consultada.,https://www.sitgesfestamajor.cat/sobre-la-festa/el-seguici-popular/
PAU_TECLA-0371,sit_pastorets_sling,PAU_TECLA,DRAFT,SOURCE_PENDING: pàgina oficial detallada inaccessible o fet encara no confirmat en la font consultada.,https://www.sitgesfestamajor.cat/sobre-la-festa/el-seguici-popular/
PAU_TECLA-0373,sit_old_giants_date,PAU_TECLA,DRAFT,SOURCE_PENDING: pàgina oficial detallada inaccessible o fet encara no confirmat en la font consultada.,https://www.sitgesfestamajor.cat/sobre-la-festa/el-seguici-popular/
PAU_TECLA-0374,sit_cercolets_music,PAU_TECLA,DRAFT,SOURCE_PENDING: pàgina oficial detallada inaccessible o fet encara no confirmat en la font consultada.,https://www.sitgesfestamajor.cat/sobre-la-festa/el-seguici-popular/
PAU_TECLA-0375,sit_american_theme,PAU_TECLA,DRAFT,SOURCE_PENDING: pàgina oficial detallada inaccessible o fet encara no confirmat en la font consultada.,https://www.sitgesfestamajor.cat/sobre-la-festa/el-seguici-popular/
PAU_TECLA-0376,sit_cintes_colors,PAU_TECLA,DRAFT,SOURCE_PENDING: pàgina oficial detallada inaccessible o fet encara no confirmat en la font consultada.,https://www.sitgesfestamajor.cat/sobre-la-festa/el-seguici-popular/
PAU_TECLA-0378,sit_pastorets_bag,PAU_TECLA,DRAFT,SOURCE_PENDING: pàgina oficial detallada inaccessible o fet encara no confirmat en la font consultada.,https://www.sitgesfestamajor.cat/sobre-la-festa/el-seguici-popular/
PAU_TECLA-0379,sit_moix_candlers,PAU_TECLA,DRAFT,SOURCE_PENDING: pàgina oficial detallada inaccessible o fet encara no confirmat en la font consultada.,https://www.sitgesfestamajor.cat/sobre-la-festa/el-seguici-popular/
PAU_TECLA-0380,sit_gitanes_roles,PAU_TECLA,DRAFT,SOURCE_PENDING: pàgina oficial detallada inaccessible o fet encara no confirmat en la font consultada.,https://www.sitgesfestamajor.cat/sobre-la-festa/el-seguici-popular/
PAU_TECLA-0381,sit_august_patron,PAU_TECLA,DRAFT,SOURCE_PENDING: pàgina oficial detallada inaccessible o fet encara no confirmat en la font consultada.,https://www.sitgesfestamajor.cat/sobre-la-festa/el-seguici-popular/
PAU_TECLA-0387,sit_cercolets_bell,PAU_TECLA,DRAFT,SOURCE_PENDING: pàgina oficial detallada inaccessible o fet encara no confirmat en la font consultada.,https://www.sitgesfestamajor.cat/sobre-la-festa/el-seguici-popular/
PAU_TECLA-0388,sit_cintes_origin,PAU_TECLA,DRAFT,SOURCE_PENDING: pàgina oficial detallada inaccessible o fet encara no confirmat en la font consultada.,https://www.sitgesfestamajor.cat/sobre-la-festa/el-seguici-popular/
PAU_TECLA-0391,sit_gitanes_extra,PAU_TECLA,DRAFT,SOURCE_PENDING: pàgina oficial detallada inaccessible o fet encara no confirmat en la font consultada.,https://www.sitgesfestamajor.cat/sobre-la-festa/el-seguici-popular/
PAU_TECLA-0392,sit_vila_names,PAU_TECLA,DRAFT,SOURCE_PENDING: pàgina oficial detallada inaccessible o fet encara no confirmat en la font consultada.,https://www.sitgesfestamajor.cat/sobre-la-festa/el-seguici-popular/
PAU_TECLA-0395,sit_panxita_inspiration,PAU_TECLA,DRAFT,SOURCE_PENDING: pàgina oficial detallada inaccessible o fet encara no confirmat en la font consultada.,https://www.sitgesfestamajor.cat/sobre-la-festa/el-seguici-popular/
PAU_TECLA-0397,sit_pastorets_young,PAU_TECLA,DRAFT,SOURCE_PENDING: pàgina oficial detallada inaccessible o fet encara no confirmat en la font consultada.,https://www.sitgesfestamajor.cat/sobre-la-festa/el-seguici-popular/
PAU_TECLA-0401,sit_american_names,PAU_TECLA,DRAFT,SOURCE_PENDING: pàgina oficial detallada inaccessible o fet encara no confirmat en la font consultada.,https://www.sitgesfestamajor.cat/sobre-la-festa/el-seguici-popular/
PAU_TECLA-0403,sit_september_patron,PAU_TECLA,DRAFT,SOURCE_PENDING: pàgina oficial detallada inaccessible o fet encara no confirmat en la font consultada.,https://www.sitgesfestamajor.cat/sobre-la-festa/el-seguici-popular/
PAU_TECLA-0404,sit_cercolets_leader,PAU_TECLA,DRAFT,SOURCE_PENDING: pàgina oficial detallada inaccessible o fet encara no confirmat en la font consultada.,https://www.sitgesfestamajor.cat/sobre-la-festa/el-seguici-popular/
PAU_TECLA-0408,sit_gitanes_parts,PAU_TECLA,DRAFT,SOURCE_PENDING: pàgina oficial detallada inaccessible o fet encara no confirmat en la font consultada.,https://www.sitgesfestamajor.cat/sobre-la-festa/el-seguici-popular/
PAU_TECLA-0409,sit_moix_repeat,PAU_TECLA,DRAFT,SOURCE_PENDING: pàgina oficial detallada inaccessible o fet encara no confirmat en la font consultada.,https://www.sitgesfestamajor.cat/sobre-la-festa/el-seguici-popular/
PAU_TECLA-0410,sit_patrons,PAU_TECLA,DRAFT,SOURCE_PENDING: pàgina oficial detallada inaccessible o fet encara no confirmat en la font consultada.,https://www.sitgesfestamajor.cat/sobre-la-festa/el-seguici-popular/
PAU_TECLA-0412,sit_moix_argolla,PAU_TECLA,DRAFT,SOURCE_PENDING: pàgina oficial detallada inaccessible o fet encara no confirmat en la font consultada.,https://www.sitgesfestamajor.cat/sobre-la-festa/el-seguici-popular/
PAU_TECLA-0413,sit_pastorets_wood,PAU_TECLA,DRAFT,SOURCE_PENDING: pàgina oficial detallada inaccessible o fet encara no confirmat en la font consultada.,https://www.sitgesfestamajor.cat/sobre-la-festa/el-seguici-popular/
PAU_TECLA-0414,sit_moor_names,PAU_TECLA,DRAFT,SOURCE_PENDING: pàgina oficial detallada inaccessible o fet encara no confirmat en la font consultada.,https://www.sitgesfestamajor.cat/sobre-la-festa/el-seguici-popular/
PAU_TECLA-0417,sit_moix_christ,PAU_TECLA,DRAFT,SOURCE_PENDING: pàgina oficial detallada inaccessible o fet encara no confirmat en la font consultada.,https://www.sitgesfestamajor.cat/sobre-la-festa/el-seguici-popular/
PAU_TECLA-0418,sit_recent_elements,PAU_TECLA,DRAFT,SOURCE_PENDING: pàgina oficial detallada inaccessible o fet encara no confirmat en la font consultada. | TEMPORAL: «més recent» i el recorregut històric no tenen una data de referència en la pregunta.,https://www.sitgesfestamajor.cat/sobre-la-festa/el-seguici-popular/
PAU_TECLA-0420,sit_moix_types,PAU_TECLA,DRAFT,SOURCE_PENDING: pàgina oficial detallada inaccessible o fet encara no confirmat en la font consultada.,https://www.sitgesfestamajor.cat/sobre-la-festa/el-seguici-popular/
PAU_TECLA-0421,sit_pastorets_sling,PAU_TECLA,DRAFT,SOURCE_PENDING: pàgina oficial detallada inaccessible o fet encara no confirmat en la font consultada.,https://www.sitgesfestamajor.cat/sobre-la-festa/el-seguici-popular/
PAU_TECLA-0423,sit_old_giants_date,PAU_TECLA,DRAFT,SOURCE_PENDING: pàgina oficial detallada inaccessible o fet encara no confirmat en la font consultada.,https://www.sitgesfestamajor.cat/sobre-la-festa/el-seguici-popular/
PAU_TECLA-0424,sit_cercolets_music,PAU_TECLA,DRAFT,SOURCE_PENDING: pàgina oficial detallada inaccessible o fet encara no confirmat en la font consultada.,https://www.sitgesfestamajor.cat/sobre-la-festa/el-seguici-popular/
PAU_TECLA-0425,sit_american_theme,PAU_TECLA,DRAFT,SOURCE_PENDING: pàgina oficial detallada inaccessible o fet encara no confirmat en la font consultada.,https://www.sitgesfestamajor.cat/sobre-la-festa/el-seguici-popular/
PAU_TECLA-0426,sit_cintes_colors,PAU_TECLA,DRAFT,SOURCE_PENDING: pàgina oficial detallada inaccessible o fet encara no confirmat en la font consultada.,https://www.sitgesfestamajor.cat/sobre-la-festa/el-seguici-popular/
PAU_TECLA-0428,sit_pastorets_bag,PAU_TECLA,DRAFT,SOURCE_PENDING: pàgina oficial detallada inaccessible o fet encara no confirmat en la font consultada.,https://www.sitgesfestamajor.cat/sobre-la-festa/el-seguici-popular/
PAU_TECLA-0429,sit_moix_candlers,PAU_TECLA,DRAFT,SOURCE_PENDING: pàgina oficial detallada inaccessible o fet encara no confirmat en la font consultada.,https://www.sitgesfestamajor.cat/sobre-la-festa/el-seguici-popular/
PAU_TECLA-0430,sit_gitanes_roles,PAU_TECLA,DRAFT,SOURCE_PENDING: pàgina oficial detallada inaccessible o fet encara no confirmat en la font consultada.,https://www.sitgesfestamajor.cat/sobre-la-festa/el-seguici-popular/
PAU_TECLA-0431,sit_august_patron,PAU_TECLA,DRAFT,SOURCE_PENDING: pàgina oficial detallada inaccessible o fet encara no confirmat en la font consultada.,https://www.sitgesfestamajor.cat/sobre-la-festa/el-seguici-popular/
PAU_TECLA-0437,sit_cercolets_bell,PAU_TECLA,DRAFT,SOURCE_PENDING: pàgina oficial detallada inaccessible o fet encara no confirmat en la font consultada.,https://www.sitgesfestamajor.cat/sobre-la-festa/el-seguici-popular/
PAU_TECLA-0438,sit_cintes_origin,PAU_TECLA,DRAFT,SOURCE_PENDING: pàgina oficial detallada inaccessible o fet encara no confirmat en la font consultada.,https://www.sitgesfestamajor.cat/sobre-la-festa/el-seguici-popular/
PAU_TECLA-0441,sit_gitanes_extra,PAU_TECLA,DRAFT,SOURCE_PENDING: pàgina oficial detallada inaccessible o fet encara no confirmat en la font consultada.,https://www.sitgesfestamajor.cat/sobre-la-festa/el-seguici-popular/
PAU_TECLA-0442,sit_vila_names,PAU_TECLA,DRAFT,SOURCE_PENDING: pàgina oficial detallada inaccessible o fet encara no confirmat en la font consultada.,https://www.sitgesfestamajor.cat/sobre-la-festa/el-seguici-popular/
PAU_TECLA-0445,sit_panxita_inspiration,PAU_TECLA,DRAFT,SOURCE_PENDING: pàgina oficial detallada inaccessible o fet encara no confirmat en la font consultada.,https://www.sitgesfestamajor.cat/sobre-la-festa/el-seguici-popular/
PAU_TECLA-0447,sit_pastorets_young,PAU_TECLA,DRAFT,SOURCE_PENDING: pàgina oficial detallada inaccessible o fet encara no confirmat en la font consultada.,https://www.sitgesfestamajor.cat/sobre-la-festa/el-seguici-popular/
PAU_TECLA-0451,sit_american_names,PAU_TECLA,DRAFT,SOURCE_PENDING: pàgina oficial detallada inaccessible o fet encara no confirmat en la font consultada.,https://www.sitgesfestamajor.cat/sobre-la-festa/el-seguici-popular/
PAU_TECLA-0453,sit_september_patron,PAU_TECLA,DRAFT,SOURCE_PENDING: pàgina oficial detallada inaccessible o fet encara no confirmat en la font consultada.,https://www.sitgesfestamajor.cat/sobre-la-festa/el-seguici-popular/
PAU_TECLA-0454,sit_cercolets_leader,PAU_TECLA,DRAFT,SOURCE_PENDING: pàgina oficial detallada inaccessible o fet encara no confirmat en la font consultada.,https://www.sitgesfestamajor.cat/sobre-la-festa/el-seguici-popular/
PAU_TECLA-0458,sit_gitanes_parts,PAU_TECLA,DRAFT,SOURCE_PENDING: pàgina oficial detallada inaccessible o fet encara no confirmat en la font consultada.,https://www.sitgesfestamajor.cat/sobre-la-festa/el-seguici-popular/
PAU_TECLA-0459,sit_moix_repeat,PAU_TECLA,DRAFT,SOURCE_PENDING: pàgina oficial detallada inaccessible o fet encara no confirmat en la font consultada.,https://www.sitgesfestamajor.cat/sobre-la-festa/el-seguici-popular/
PAU_TECLA-0460,sit_patrons,PAU_TECLA,DRAFT,SOURCE_PENDING: pàgina oficial detallada inaccessible o fet encara no confirmat en la font consultada.,https://www.sitgesfestamajor.cat/sobre-la-festa/el-seguici-popular/
PAU_TECLA-0462,sit_moix_argolla,PAU_TECLA,DRAFT,SOURCE_PENDING: pàgina oficial detallada inaccessible o fet encara no confirmat en la font consultada.,https://www.sitgesfestamajor.cat/sobre-la-festa/el-seguici-popular/
PAU_TECLA-0463,sit_pastorets_wood,PAU_TECLA,DRAFT,SOURCE_PENDING: pàgina oficial detallada inaccessible o fet encara no confirmat en la font consultada.,https://www.sitgesfestamajor.cat/sobre-la-festa/el-seguici-popular/
PAU_TECLA-0464,sit_moor_names,PAU_TECLA,DRAFT,SOURCE_PENDING: pàgina oficial detallada inaccessible o fet encara no confirmat en la font consultada.,https://www.sitgesfestamajor.cat/sobre-la-festa/el-seguici-popular/
PAU_TECLA-0467,sit_moix_christ,PAU_TECLA,DRAFT,SOURCE_PENDING: pàgina oficial detallada inaccessible o fet encara no confirmat en la font consultada.,https://www.sitgesfestamajor.cat/sobre-la-festa/el-seguici-popular/
PAU_TECLA-0468,sit_recent_elements,PAU_TECLA,DRAFT,SOURCE_PENDING: pàgina oficial detallada inaccessible o fet encara no confirmat en la font consultada. | TEMPORAL: «més recent» i el recorregut històric no tenen una data de referència en la pregunta.,https://www.sitgesfestamajor.cat/sobre-la-festa/el-seguici-popular/
PAU_TECLA-0470,sit_moix_types,PAU_TECLA,DRAFT,SOURCE_PENDING: pàgina oficial detallada inaccessible o fet encara no confirmat en la font consultada.,https://www.sitgesfestamajor.cat/sobre-la-festa/el-seguici-popular/
PAU_TECLA-0471,sit_pastorets_sling,PAU_TECLA,DRAFT,SOURCE_PENDING: pàgina oficial detallada inaccessible o fet encara no confirmat en la font consultada.,https://www.sitgesfestamajor.cat/sobre-la-festa/el-seguici-popular/
PAU_TECLA-0473,sit_old_giants_date,PAU_TECLA,DRAFT,SOURCE_PENDING: pàgina oficial detallada inaccessible o fet encara no confirmat en la font consultada.,https://www.sitgesfestamajor.cat/sobre-la-festa/el-seguici-popular/
PAU_TECLA-0474,sit_cercolets_music,PAU_TECLA,DRAFT,SOURCE_PENDING: pàgina oficial detallada inaccessible o fet encara no confirmat en la font consultada.,https://www.sitgesfestamajor.cat/sobre-la-festa/el-seguici-popular/
PAU_TECLA-0475,sit_american_theme,PAU_TECLA,DRAFT,SOURCE_PENDING: pàgina oficial detallada inaccessible o fet encara no confirmat en la font consultada.,https://www.sitgesfestamajor.cat/sobre-la-festa/el-seguici-popular/
PAU_TECLA-0476,sit_cintes_colors,PAU_TECLA,DRAFT,SOURCE_PENDING: pàgina oficial detallada inaccessible o fet encara no confirmat en la font consultada.,https://www.sitgesfestamajor.cat/sobre-la-festa/el-seguici-popular/
PAU_TECLA-0478,sit_pastorets_bag,PAU_TECLA,DRAFT,SOURCE_PENDING: pàgina oficial detallada inaccessible o fet encara no confirmat en la font consultada.,https://www.sitgesfestamajor.cat/sobre-la-festa/el-seguici-popular/
PAU_TECLA-0479,sit_moix_candlers,PAU_TECLA,DRAFT,SOURCE_PENDING: pàgina oficial detallada inaccessible o fet encara no confirmat en la font consultada.,https://www.sitgesfestamajor.cat/sobre-la-festa/el-seguici-popular/
PAU_TECLA-0480,sit_gitanes_roles,PAU_TECLA,DRAFT,SOURCE_PENDING: pàgina oficial detallada inaccessible o fet encara no confirmat en la font consultada.,https://www.sitgesfestamajor.cat/sobre-la-festa/el-seguici-popular/
PAU_TECLA-0481,sit_august_patron,PAU_TECLA,DRAFT,SOURCE_PENDING: pàgina oficial detallada inaccessible o fet encara no confirmat en la font consultada.,https://www.sitgesfestamajor.cat/sobre-la-festa/el-seguici-popular/
PAU_TECLA-0487,sit_cercolets_bell,PAU_TECLA,DRAFT,SOURCE_PENDING: pàgina oficial detallada inaccessible o fet encara no confirmat en la font consultada.,https://www.sitgesfestamajor.cat/sobre-la-festa/el-seguici-popular/
PAU_TECLA-0488,sit_cintes_origin,PAU_TECLA,DRAFT,SOURCE_PENDING: pàgina oficial detallada inaccessible o fet encara no confirmat en la font consultada.,https://www.sitgesfestamajor.cat/sobre-la-festa/el-seguici-popular/
PAU_TECLA-0491,sit_gitanes_extra,PAU_TECLA,DRAFT,SOURCE_PENDING: pàgina oficial detallada inaccessible o fet encara no confirmat en la font consultada.,https://www.sitgesfestamajor.cat/sobre-la-festa/el-seguici-popular/
PAU_TECLA-0492,sit_vila_names,PAU_TECLA,DRAFT,SOURCE_PENDING: pàgina oficial detallada inaccessible o fet encara no confirmat en la font consultada.,https://www.sitgesfestamajor.cat/sobre-la-festa/el-seguici-popular/
PAU_TECLA-0495,sit_panxita_inspiration,PAU_TECLA,DRAFT,SOURCE_PENDING: pàgina oficial detallada inaccessible o fet encara no confirmat en la font consultada.,https://www.sitgesfestamajor.cat/sobre-la-festa/el-seguici-popular/
PAU_TECLA-0497,sit_pastorets_young,PAU_TECLA,DRAFT,SOURCE_PENDING: pàgina oficial detallada inaccessible o fet encara no confirmat en la font consultada.,https://www.sitgesfestamajor.cat/sobre-la-festa/el-seguici-popular/
PAU_TECLA-0501,sit_american_names,PAU_TECLA,DRAFT,SOURCE_PENDING: pàgina oficial detallada inaccessible o fet encara no confirmat en la font consultada.,https://www.sitgesfestamajor.cat/sobre-la-festa/el-seguici-popular/
PAU_TECLA-0503,sit_september_patron,PAU_TECLA,DRAFT,SOURCE_PENDING: pàgina oficial detallada inaccessible o fet encara no confirmat en la font consultada.,https://www.sitgesfestamajor.cat/sobre-la-festa/el-seguici-popular/
PAU_TECLA-0504,sit_cercolets_leader,PAU_TECLA,DRAFT,SOURCE_PENDING: pàgina oficial detallada inaccessible o fet encara no confirmat en la font consultada.,https://www.sitgesfestamajor.cat/sobre-la-festa/el-seguici-popular/
PAU_TECLA-0508,sit_gitanes_parts,PAU_TECLA,DRAFT,SOURCE_PENDING: pàgina oficial detallada inaccessible o fet encara no confirmat en la font consultada.,https://www.sitgesfestamajor.cat/sobre-la-festa/el-seguici-popular/
PAU_TECLA-0509,sit_moix_repeat,PAU_TECLA,DRAFT,SOURCE_PENDING: pàgina oficial detallada inaccessible o fet encara no confirmat en la font consultada.,https://www.sitgesfestamajor.cat/sobre-la-festa/el-seguici-popular/
PAU_TECLA-0510,sit_patrons,PAU_TECLA,DRAFT,SOURCE_PENDING: pàgina oficial detallada inaccessible o fet encara no confirmat en la font consultada.,https://www.sitgesfestamajor.cat/sobre-la-festa/el-seguici-popular/
PAU_TECLA-0512,sit_moix_argolla,PAU_TECLA,DRAFT,SOURCE_PENDING: pàgina oficial detallada inaccessible o fet encara no confirmat en la font consultada.,https://www.sitgesfestamajor.cat/sobre-la-festa/el-seguici-popular/
PAU_TECLA-0513,sit_pastorets_wood,PAU_TECLA,DRAFT,SOURCE_PENDING: pàgina oficial detallada inaccessible o fet encara no confirmat en la font consultada.,https://www.sitgesfestamajor.cat/sobre-la-festa/el-seguici-popular/
PAU_TECLA-0514,sit_moor_names,PAU_TECLA,DRAFT,SOURCE_PENDING: pàgina oficial detallada inaccessible o fet encara no confirmat en la font consultada.,https://www.sitgesfestamajor.cat/sobre-la-festa/el-seguici-popular/
PAU_TECLA-0517,sit_moix_christ,PAU_TECLA,DRAFT,SOURCE_PENDING: pàgina oficial detallada inaccessible o fet encara no confirmat en la font consultada.,https://www.sitgesfestamajor.cat/sobre-la-festa/el-seguici-popular/
PAU_TECLA-0518,sit_recent_elements,PAU_TECLA,DRAFT,SOURCE_PENDING: pàgina oficial detallada inaccessible o fet encara no confirmat en la font consultada. | TEMPORAL: «més recent» i el recorregut històric no tenen una data de referència en la pregunta.,https://www.sitgesfestamajor.cat/sobre-la-festa/el-seguici-popular/
PAU_TECLA-0520,sit_moix_types,PAU_TECLA,DRAFT,SOURCE_PENDING: pàgina oficial detallada inaccessible o fet encara no confirmat en la font consultada.,https://www.sitgesfestamajor.cat/sobre-la-festa/el-seguici-popular/
PAU_TECLA-0521,sit_pastorets_sling,PAU_TECLA,DRAFT,SOURCE_PENDING: pàgina oficial detallada inaccessible o fet encara no confirmat en la font consultada.,https://www.sitgesfestamajor.cat/sobre-la-festa/el-seguici-popular/
PAU_TECLA-0523,sit_old_giants_date,PAU_TECLA,DRAFT,SOURCE_PENDING: pàgina oficial detallada inaccessible o fet encara no confirmat en la font consultada.,https://www.sitgesfestamajor.cat/sobre-la-festa/el-seguici-popular/
PAU_TECLA-0524,sit_cercolets_music,PAU_TECLA,DRAFT,SOURCE_PENDING: pàgina oficial detallada inaccessible o fet encara no confirmat en la font consultada.,https://www.sitgesfestamajor.cat/sobre-la-festa/el-seguici-popular/
PAU_TECLA-0525,sit_american_theme,PAU_TECLA,DRAFT,SOURCE_PENDING: pàgina oficial detallada inaccessible o fet encara no confirmat en la font consultada.,https://www.sitgesfestamajor.cat/sobre-la-festa/el-seguici-popular/
PAU_TECLA-0526,sit_cintes_colors,PAU_TECLA,DRAFT,SOURCE_PENDING: pàgina oficial detallada inaccessible o fet encara no confirmat en la font consultada.,https://www.sitgesfestamajor.cat/sobre-la-festa/el-seguici-popular/
PAU_TECLA-0528,sit_pastorets_bag,PAU_TECLA,DRAFT,SOURCE_PENDING: pàgina oficial detallada inaccessible o fet encara no confirmat en la font consultada.,https://www.sitgesfestamajor.cat/sobre-la-festa/el-seguici-popular/
PAU_TECLA-0529,sit_moix_candlers,PAU_TECLA,DRAFT,SOURCE_PENDING: pàgina oficial detallada inaccessible o fet encara no confirmat en la font consultada.,https://www.sitgesfestamajor.cat/sobre-la-festa/el-seguici-popular/
PAU_TECLA-0530,sit_gitanes_roles,PAU_TECLA,DRAFT,SOURCE_PENDING: pàgina oficial detallada inaccessible o fet encara no confirmat en la font consultada.,https://www.sitgesfestamajor.cat/sobre-la-festa/el-seguici-popular/
PAU_TECLA-0531,sit_august_patron,PAU_TECLA,DRAFT,SOURCE_PENDING: pàgina oficial detallada inaccessible o fet encara no confirmat en la font consultada.,https://www.sitgesfestamajor.cat/sobre-la-festa/el-seguici-popular/
PAU_TECLA-0537,sit_cercolets_bell,PAU_TECLA,DRAFT,SOURCE_PENDING: pàgina oficial detallada inaccessible o fet encara no confirmat en la font consultada.,https://www.sitgesfestamajor.cat/sobre-la-festa/el-seguici-popular/
PAU_TECLA-0538,sit_cintes_origin,PAU_TECLA,DRAFT,SOURCE_PENDING: pàgina oficial detallada inaccessible o fet encara no confirmat en la font consultada.,https://www.sitgesfestamajor.cat/sobre-la-festa/el-seguici-popular/
PAU_TECLA-0541,sit_gitanes_extra,PAU_TECLA,DRAFT,SOURCE_PENDING: pàgina oficial detallada inaccessible o fet encara no confirmat en la font consultada.,https://www.sitgesfestamajor.cat/sobre-la-festa/el-seguici-popular/
PAU_TECLA-0542,sit_vila_names,PAU_TECLA,DRAFT,SOURCE_PENDING: pàgina oficial detallada inaccessible o fet encara no confirmat en la font consultada.,https://www.sitgesfestamajor.cat/sobre-la-festa/el-seguici-popular/
PAU_TECLA-0545,sit_panxita_inspiration,PAU_TECLA,DRAFT,SOURCE_PENDING: pàgina oficial detallada inaccessible o fet encara no confirmat en la font consultada.,https://www.sitgesfestamajor.cat/sobre-la-festa/el-seguici-popular/
PAU_TECLA-0547,sit_pastorets_young,PAU_TECLA,DRAFT,SOURCE_PENDING: pàgina oficial detallada inaccessible o fet encara no confirmat en la font consultada.,https://www.sitgesfestamajor.cat/sobre-la-festa/el-seguici-popular/
PAU_TECLA-0551,sit_american_names,PAU_TECLA,DRAFT,SOURCE_PENDING: pàgina oficial detallada inaccessible o fet encara no confirmat en la font consultada.,https://www.sitgesfestamajor.cat/sobre-la-festa/el-seguici-popular/
PAU_TECLA-0553,sit_september_patron,PAU_TECLA,DRAFT,SOURCE_PENDING: pàgina oficial detallada inaccessible o fet encara no confirmat en la font consultada.,https://www.sitgesfestamajor.cat/sobre-la-festa/el-seguici-popular/
PAU_TECLA-0554,sit_cercolets_leader,PAU_TECLA,DRAFT,SOURCE_PENDING: pàgina oficial detallada inaccessible o fet encara no confirmat en la font consultada.,https://www.sitgesfestamajor.cat/sobre-la-festa/el-seguici-popular/
PAU_TECLA-0558,sit_gitanes_parts,PAU_TECLA,DRAFT,SOURCE_PENDING: pàgina oficial detallada inaccessible o fet encara no confirmat en la font consultada.,https://www.sitgesfestamajor.cat/sobre-la-festa/el-seguici-popular/
PAU_TECLA-0559,sit_moix_repeat,PAU_TECLA,DRAFT,SOURCE_PENDING: pàgina oficial detallada inaccessible o fet encara no confirmat en la font consultada.,https://www.sitgesfestamajor.cat/sobre-la-festa/el-seguici-popular/
PAU_TECLA-0560,sit_patrons,PAU_TECLA,DRAFT,SOURCE_PENDING: pàgina oficial detallada inaccessible o fet encara no confirmat en la font consultada.,https://www.sitgesfestamajor.cat/sobre-la-festa/el-seguici-popular/
PAU_TECLA-0562,sit_moix_argolla,PAU_TECLA,DRAFT,SOURCE_PENDING: pàgina oficial detallada inaccessible o fet encara no confirmat en la font consultada.,https://www.sitgesfestamajor.cat/sobre-la-festa/el-seguici-popular/
PAU_TECLA-0563,sit_pastorets_wood,PAU_TECLA,DRAFT,SOURCE_PENDING: pàgina oficial detallada inaccessible o fet encara no confirmat en la font consultada.,https://www.sitgesfestamajor.cat/sobre-la-festa/el-seguici-popular/
PAU_TECLA-0564,sit_moor_names,PAU_TECLA,DRAFT,SOURCE_PENDING: pàgina oficial detallada inaccessible o fet encara no confirmat en la font consultada.,https://www.sitgesfestamajor.cat/sobre-la-festa/el-seguici-popular/
PAU_TECLA-0567,sit_moix_christ,PAU_TECLA,DRAFT,SOURCE_PENDING: pàgina oficial detallada inaccessible o fet encara no confirmat en la font consultada.,https://www.sitgesfestamajor.cat/sobre-la-festa/el-seguici-popular/
PAU_TECLA-0568,sit_recent_elements,PAU_TECLA,DRAFT,SOURCE_PENDING: pàgina oficial detallada inaccessible o fet encara no confirmat en la font consultada. | TEMPORAL: «més recent» i el recorregut històric no tenen una data de referència en la pregunta.,https://www.sitgesfestamajor.cat/sobre-la-festa/el-seguici-popular/
PAU_TECLA-0570,sit_moix_types,PAU_TECLA,DRAFT,SOURCE_PENDING: pàgina oficial detallada inaccessible o fet encara no confirmat en la font consultada.,https://www.sitgesfestamajor.cat/sobre-la-festa/el-seguici-popular/
PAU_TECLA-0571,sit_pastorets_sling,PAU_TECLA,DRAFT,SOURCE_PENDING: pàgina oficial detallada inaccessible o fet encara no confirmat en la font consultada.,https://www.sitgesfestamajor.cat/sobre-la-festa/el-seguici-popular/
PAU_TECLA-0573,sit_old_giants_date,PAU_TECLA,DRAFT,SOURCE_PENDING: pàgina oficial detallada inaccessible o fet encara no confirmat en la font consultada.,https://www.sitgesfestamajor.cat/sobre-la-festa/el-seguici-popular/
PAU_TECLA-0574,sit_cercolets_music,PAU_TECLA,DRAFT,SOURCE_PENDING: pàgina oficial detallada inaccessible o fet encara no confirmat en la font consultada.,https://www.sitgesfestamajor.cat/sobre-la-festa/el-seguici-popular/
PAU_TECLA-0575,sit_american_theme,PAU_TECLA,DRAFT,SOURCE_PENDING: pàgina oficial detallada inaccessible o fet encara no confirmat en la font consultada.,https://www.sitgesfestamajor.cat/sobre-la-festa/el-seguici-popular/
PAU_TECLA-0576,sit_cintes_colors,PAU_TECLA,DRAFT,SOURCE_PENDING: pàgina oficial detallada inaccessible o fet encara no confirmat en la font consultada.,https://www.sitgesfestamajor.cat/sobre-la-festa/el-seguici-popular/
PAU_TECLA-0578,sit_pastorets_bag,PAU_TECLA,DRAFT,SOURCE_PENDING: pàgina oficial detallada inaccessible o fet encara no confirmat en la font consultada.,https://www.sitgesfestamajor.cat/sobre-la-festa/el-seguici-popular/
PAU_TECLA-0579,sit_moix_candlers,PAU_TECLA,DRAFT,SOURCE_PENDING: pàgina oficial detallada inaccessible o fet encara no confirmat en la font consultada.,https://www.sitgesfestamajor.cat/sobre-la-festa/el-seguici-popular/
PAU_TECLA-0580,sit_gitanes_roles,PAU_TECLA,DRAFT,SOURCE_PENDING: pàgina oficial detallada inaccessible o fet encara no confirmat en la font consultada.,https://www.sitgesfestamajor.cat/sobre-la-festa/el-seguici-popular/
PAU_TECLA-0581,sit_august_patron,PAU_TECLA,DRAFT,SOURCE_PENDING: pàgina oficial detallada inaccessible o fet encara no confirmat en la font consultada.,https://www.sitgesfestamajor.cat/sobre-la-festa/el-seguici-popular/
PAU_TECLA-0587,sit_cercolets_bell,PAU_TECLA,DRAFT,SOURCE_PENDING: pàgina oficial detallada inaccessible o fet encara no confirmat en la font consultada.,https://www.sitgesfestamajor.cat/sobre-la-festa/el-seguici-popular/
PAU_TECLA-0588,sit_cintes_origin,PAU_TECLA,DRAFT,SOURCE_PENDING: pàgina oficial detallada inaccessible o fet encara no confirmat en la font consultada.,https://www.sitgesfestamajor.cat/sobre-la-festa/el-seguici-popular/
PAU_TECLA-0591,sit_gitanes_extra,PAU_TECLA,DRAFT,SOURCE_PENDING: pàgina oficial detallada inaccessible o fet encara no confirmat en la font consultada.,https://www.sitgesfestamajor.cat/sobre-la-festa/el-seguici-popular/
PAU_TECLA-0592,sit_vila_names,PAU_TECLA,DRAFT,SOURCE_PENDING: pàgina oficial detallada inaccessible o fet encara no confirmat en la font consultada.,https://www.sitgesfestamajor.cat/sobre-la-festa/el-seguici-popular/
PAU_TECLA-0595,sit_panxita_inspiration,PAU_TECLA,DRAFT,SOURCE_PENDING: pàgina oficial detallada inaccessible o fet encara no confirmat en la font consultada.,https://www.sitgesfestamajor.cat/sobre-la-festa/el-seguici-popular/
PAU_TECLA-0597,sit_pastorets_young,PAU_TECLA,DRAFT,SOURCE_PENDING: pàgina oficial detallada inaccessible o fet encara no confirmat en la font consultada.,https://www.sitgesfestamajor.cat/sobre-la-festa/el-seguici-popular/
TP-0096,geo_bgr_currency,TP,DRAFT,TEMPORAL: codi ISO de moneda retirat o substituït; no activar sense revisió.,https://restcountries.com/
TP-0106,geo_kaz_calling,TP,DRAFT,FACTUAL: +76 no és el prefix internacional del Kazakhstan; cal distingir +7 de la numeració nacional.,https://restcountries.com/
TP-0109,geo_blr_currency,TP,DRAFT,TEMPORAL: codi ISO de moneda retirat o substituït; no activar sense revisió.,https://restcountries.com/
TP-0281,geo_lao_tld,TP,DRAFT,LANGUAGE: el nom de l’estat en català necessita revisió («Lao»).,https://restcountries.com/
TP-0467,gen_codon_AGG,TP,DRAFT,AMBIGUITY: cal especificar el codi genètic estàndard; hi ha codis alternatius.,https://www.ncbi.nlm.nih.gov/books/
TP-0519,ast_olympus,TP,DRAFT,"AMBIGUITY: «més gran» no precisa alçària, volum o superfície del volcà.",https://science.nasa.gov/solar-system/
TP-0525,gen_codon_AUA,TP,DRAFT,AMBIGUITY: cal especificar el codi genètic estàndard; hi ha codis alternatius.,https://www.ncbi.nlm.nih.gov/books/
TP-0555,gen_codon_AGA,TP,DRAFT,AMBIGUITY: cal especificar el codi genètic estàndard; hi ha codis alternatius.,https://www.ncbi.nlm.nih.gov/books/
TP-0795,cult_castell_neta,TP,DRAFT,AMBIGUITY: cal precisar el castell i l’estructura de reforç habitual.,https://www.britannica.com/
TP-0796,cult_delta_ebre,TP,DRAFT,AMBIGUITY: el delta inclou el Baix Ebre i el Montsià; no hi ha una comarca única inequívoca.,https://www.britannica.com/
TP-0859,cult_castell_neta,TP,DRAFT,AMBIGUITY: cal precisar el castell i l’estructura de reforç habitual.,https://www.britannica.com/
TP-0860,cult_delta_ebre,TP,DRAFT,AMBIGUITY: el delta inclou el Baix Ebre i el Montsià; no hi ha una comarca única inequívoca.,https://www.britannica.com/
