category,id,user_block,criterion,verification,priority,status,evidence,notes
ART,A001,1,Sistema d’art documentat abans de propagar el redisseny,Document i porta vertical,P0,PASS,docs/ART_SYSTEM.md; src/art-system/tokens.css; acceptance/art-redesign/SMOKE_REPORT.json,Porta vertical inspeccionada als tres formats abans de propagar els components.
ART,A002,1,Paleta i temperatura derivades del paisatge mediterrani aprovat,Comparació visual,P0,PASS,docs/ART_SYSTEM.md; acceptance/art-redesign/VISUAL_REVIEW.md; acceptance/art-redesign/review/contact-sheet-1440x900.png,"Pigments apagats, tinta, crema i llum ambre compartits."
ART,A003,1,"Fusta, paper, ceràmica, metall i vidre tenen representació coherent",Inspecció de materials i captures,P0,PASS,src/art-system/materials.css; src/art-system/tokens.css; acceptance/art-redesign/VISUAL_REVIEW.md,"Textura controlada, cantells i ombres; acabats mats o setinats."
ART,A004,2,"Tauler físic amb base completa, vores treballades, gruix i contacte",Captures dels tres formats,P0,PASS,src/components/Board.tsx; src/art-system/board.css; acceptance/art-redesign/VISUAL_REVIEW.md; acceptance/art-redesign/screenshots/question-1440x900.png,"Cara texturitzada amb una mostra de veta aprovada; base, caselles i peces separades."
ART,A005,2,"Ruta, centres i punts de motion continuen disponibles programàticament",Mesura SVG nativa Chromium,P0,PASS,acceptance/art-redesign/BOARD_GEOMETRY_REPORT.json; src/components/Board.tsx,"77 centres en set longituds; error zero de data-board, boardPoint i endpoints de boardPathBetween."
ART,A006,2,"Categories diferenciades per símbol, pigment i patró",Inspecció SVG i captures,P0,PASS,src/components/Board.tsx; acceptance/art-redesign/ASSET_INVENTORY_REPORT.json; acceptance/art-redesign/VISUAL_REVIEW.md,"Personal, Creuada, T&P, +1, Sortida i Meta; no depenen només del color."
ART,A007,2,Perspectiva més plana en mòbil i profunditat coherent en tauleta/ordinador,Comparació responsive,P0,PASS,src/art-system/board.css; acceptance/art-redesign/VISUAL_REVIEW.md; acceptance/art-redesign/VISUAL_CAPTURE_REPORT.json,Mateixa base i ruta en tots els formats; plaques adaptatives comprovades també a 100 minuts.
ART,A008,3,Peces blava i rosa amb siluetes i gravats propis,Inspecció assets i partida,P0,PASS,assets/production/pawns/pawn_pau.svg; assets/production/pawns/pawn_tecla.svg; acceptance/art-redesign/ASSET_INVENTORY_REPORT.json; acceptance/art-redesign/VISUAL_REVIEW.md,Pau angular en fusta pintada; Tecla arrodonida en ceràmica. Sense inicials ni peons genèrics.
ART,A009,3,"Moviment de peces integra elevació, ombra, inclinació i aterratge discret",Auditoria temporal final,P0,PASS,acceptance/art-redesign/ART_MOTION_AUDIT.md; acceptance/art-redesign/motion-performance-report.json; acceptance/art-redesign/MOTION_PATH_RECHECK_REPORT.json; acceptance/art-redesign/MOTION_NO_VIDEO_REPORT.json; acceptance/art-redesign/BOARD_GEOMETRY_REPORT.json,"Ruta contínua confirmada amb vídeo i sense vídeo després del càlcul directe per fraccions. Cos, inclinació i ombra comprovats en codi i captures; sense garantia de rendiment físic."
ART,A010,4,Tots els botons visibles consumeixen el sistema ArtButton,Inventari de codi i SVG,P0,PASS,acceptance/art-redesign/ASSET_INVENTORY_REPORT.json; src/components/art/ArtButton.tsx; src/components/art/index.ts,Inventari comprova que els button crus només existeixen a la base comuna.
ART,A011,4,Estats de botó tenen resposta material i focus visible,Inspecció CSS i focus al navegador,P0,PASS,src/art-system/materials.css; src/components/art/ArtButton.tsx; acceptance/art-redesign/VISUAL_CAPTURE_REPORT.json,Hover i pressed definits a la base; disabled llegible; loading amb espai reservat; focus per Tab comprovat.
ART,A012,4,Correcte i Incorrecte tenen geometria i pes visual simètrics,Mesura DOM dels tres formats,P0,PASS,acceptance/art-redesign/VISUAL_CAPTURE_REPORT.json; acceptance/art-redesign/VISUAL_REVIEW.md; acceptance/art-redesign/screenshots/answer-revealed-390x844.png,"Mateixa mida, tipografia, cantell i ombra; targets mínims de 48 px."
ART,A013,5,"Targetes de paper amb cares pròpies, text HTML i jerarquia clara",Inspecció component i captures,P0,PASS,src/components/art/ArtSurface.tsx; src/components/QuestionCard.tsx; acceptance/art-redesign/VISUAL_REVIEW.md,"Pregunta central, resposta i controls separats; ornament fora del text."
ART,A014,5,Gir físic mostra gruix i canvia contingut al punt mig,Recorder temporal final,P0,PASS,acceptance/art-redesign/ART_MOTION_AUDIT.md; acceptance/art-redesign/motion-performance-report.json; acceptance/art-redesign/MOTION_PATH_RECHECK_REPORT.json; acceptance/art-redesign/MOTION_NO_VIDEO_REPORT.json; motion/event-choreography.json,Gir 3D i canvi de cara al midpoint nominal del JSON; primera resposta al DOM a −90° en les mostres. El host no resol 140 ms físics exactes ni fluïdesa constant.
ART,A015,6,"Capçalera, marcador, formularis, modals, avisos i overlays comparteixen materials",Revisió de tots els fluxos visibles,P0,PASS,acceptance/art-redesign/VISUAL_REVIEW.md; acceptance/art-redesign/VISUAL_CAPTURE_REPORT.json; acceptance/art-redesign/review/contact-online-390x844.png; acceptance/art-redesign/review/contact-online-1440x900.png,"Inclou accés, rol, durada custom, sala, càrrega, abandonament, connexió i rotació."
ART,A016,7,"Icones pròpies SVG amb traç, proporció i pigments coordinats",Inventari i inspecció visual,P0,PASS,acceptance/art-redesign/ASSET_INVENTORY_REPORT.json; src/components/art/ArtIcon.tsx; acceptance/art-redesign/VISUAL_REVIEW.md,27 icones coordinades; els 35 SVG de l’inventari són vàlids i coincideixen amb public.
ART,A017,8,"Efectes visuals utilitzen pigment, paper i llum càlida",Captures temporals principals dels tres formats,P0,PASS,acceptance/art-redesign/VISUAL_REVIEW.md; acceptance/art-redesign/screenshots/incorrect-390x844.png; acceptance/art-redesign/screenshots/plus-one-1440x900.png; acceptance/art-redesign/screenshots/victory-crown-paper-1024x768.png,"Coherència visual del got, check, creu, segell, corona i paper; els frames settled no es presenten com a onset."
ART,A018,8,"Coreografia completa conserva ordre, timings i so sense duplicats",Auditoria temporal agregada,P0,PASS,acceptance/art-redesign/ART_MOTION_AUDIT.md; acceptance/art-redesign/motion-performance-report.json; acceptance/art-redesign/MOTION_PATH_RECHECK_REPORT.json; acceptance/art-redesign/MOTION_NO_VIDEO_REPORT.json; acceptance/art-redesign/MOTION_BROWSER_QA.json; acceptance/art-redesign/MOTION_VICTORY_QA.json,"evidenceComplete=true; ordre, estats, +1 després de primera arribada, entrada del marcador i deduplicació verificats. Durades nominals JSON; els timestamps inclouen RPC, planificació i stalls, sense promesa de timings físics exactes."
ART,A019,9,Highlights i ombres segueixen la llum del paisatge i tokens comuns,"Inspecció tokens, materials i SVG",P0,PASS,docs/ART_SYSTEM.md; src/art-system/tokens.css; src/art-system/materials.css; src/components/Board.tsx; acceptance/art-redesign/VISUAL_REVIEW.md,"Capvespre càlid des de la dreta, rebot ambre i ombra curta cap a baix/esquerra; sense plàstic o neó."
ART,A020,10,Identitat artística conservada a les set mides requerides,Captures i mesures responsive,P0,PASS,acceptance/art-redesign/VISUAL_CAPTURE_REPORT.json; acceptance/art-redesign/ADDITIONAL_RESPONSIVE_REPORT.json; acceptance/art-redesign/LOBBY_1366_REPORT.json; acceptance/art-redesign/VISUAL_REVIEW.md,390/1024/1440 principals; 360/430/1366 pregunta i resposta; 844 horitzontal i 768 vertical amb rotació.
ART,A021,11,Superfícies i controls reutilitzen components i materials centrals,Inventari de components,P0,PASS,acceptance/art-redesign/ASSET_INVENTORY_REPORT.json; src/components/art/ArtButton.tsx; src/components/art/ArtSurface.tsx; src/art-system/materials.css,Button i dialog crus només a les bases; art compartit entre pantalles.
ART,A022,12,Porta visual de dotze estats als tres formats superada,36 captures i inspecció visual,P0,PASS,acceptance/art-redesign/VISUAL_REVIEW.md; acceptance/art-redesign/VISUAL_CAPTURE_REPORT.json; acceptance/art-redesign/review/contact-sheet-390x844.png; acceptance/art-redesign/review/contact-sheet-1024x768.png; acceptance/art-redesign/review/contact-sheet-1440x900.png,36 files VISUAL_STATE d’aquesta matriu; missing[] i errors[] al manifest.
FUNCTIONAL,F001,12,Joc presencial i online funcionen de principi a Meta amb Supabase real,E2E amb sessions anònimes i dos contexts,P0,PASS,acceptance/art-redesign/FINAL_E2E_REPORT.json; tests/e2e/game.spec.ts,"8 E2E passen sense fallades, flaky ni skips; inclou presencial, online, reload, reconnexió i victòria."
FUNCTIONAL,F002,12,El respondent online no rep ni mostra la resposta correcta,E2E Network/DOM i vista segura,P0,PASS,acceptance/art-redesign/FINAL_E2E_REPORT.json; tests/e2e/game.spec.ts; acceptance/art-redesign/screenshots/online-respondent-390x844.png,Resposta visible només al jutge; no hi ha inputs de resposta ni gravació de veu.
FUNCTIONAL,F003,12,"Servidor arbitra T&P, posicions i marcador únic només a Meta","E2E concurrent, Meta i abandonament",P0,PASS,acceptance/art-redesign/FINAL_E2E_REPORT.json; tests/e2e/game.spec.ts; src/services/game-repository.ts,T&P concurrent confirmat al servidor; abandonament durant pregunta no suma punts als dos contexts.
FUNCTIONAL,F004,12,"Accés privat i build mantenen preguntes, fotos i secrets fora del client no autoritzat",E2E i auditoria del build,P0,PASS,acceptance/art-redesign/FINAL_E2E_REPORT.json; acceptance/art-redesign/BUILD_SECURITY_REPORT.json; acceptance/art-redesign/ASSET_INVENTORY_REPORT.json; tests/e2e/access.spec.ts,"Sense fotografies originals a public, preguntes aprovades crues, codi privat o credencials al build."
QA,Q001,12,"TypeScript, unit tests i build de producció passen",npm run check,P0,PASS,acceptance/art-redesign/LOCAL_CHECK_REPORT.json,"TypeScript PASS, 18 tests en quatre fitxers PASS i build final DK/BN PASS, verificat també al preview."
QA,Q002,12,Bateria E2E final passa sobre backend real,Playwright en Chromium,P0,PASS,acceptance/art-redesign/FINAL_E2E_REPORT.json; acceptance/art-redesign/MOTION_PATH_RECHECK_REPORT.json; acceptance/art-redesign/MOTION_NO_VIDEO_REPORT.json,"8 E2E PASS, 0 failed/flaky/skipped; suite prèvia al shortcut de ruta. Recheck PATH 1 PASS i benchmark focal sense vídeo 1 PASS sobre el càlcul final."
QA,Q003,12,Preview del build final executat i inspeccionat,Smoke de producció,P0,PASS,acceptance/art-redesign/FINAL_PREVIEW_REPORT.json; acceptance/art-redesign/LOCAL_CHECK_REPORT.json,"Preview final executat amb backend real a 390×844, 1024×768 i 1440×900: JS index-DKPt5zKC.js i CSS index-BNObSpEa.css servits amb hashes iguals a dist; zero errors i cap nova auth."
QA,Q004,12,QA nova netejada preservant dades prèvies i marcador legítim,Manifest i comprovació de base de dades,P0,PASS,acceptance/art-redesign/QA_CLEANUP_REPORT.json; acceptance/art-redesign/QA_CLEANUP_MANIFEST.json; acceptance/art-redesign/QA_MANIFEST.json,"Neteja COMPLETE: 17 usuaris QA, 22 jocs QA i 8 resultats QA eliminats; zero QA restant. 10 jocs, 6 usuaris i 2 resultats no llistats preservats exactament. Marcador vigent 1–1 preservat; cap reset al snapshot històric 0–1."
QA,Q005,12,Rendiment documentat sense prometre FPS constants o maquinari no mesurat,Mostres requestAnimationFrame i límits declarats,P1,PARTIAL,acceptance/art-redesign/motion-performance-report.json; acceptance/art-redesign/ART_MOTION_AUDIT.md; acceptance/art-redesign/MOTION_NO_VIDEO_REPORT.json,"Ruta final sense vídeo: mediana de 59,88 FPS i p95 de moviment de 16,7–16,8 ms. Durant girs, p95 de 66,6–116,7 ms entre mostres canviants; no 60 FPS constants ni garantia en maquinari físic o Safari. Mesura Chromium headless/Linux."
QA,Q006,12,"Assets vàlids, miralls public coherents i avatars aprovats preservats",Inventari i hashes contra backup,P0,PASS,acceptance/art-redesign/ASSET_INVENTORY_REPORT.json,"35 SVG vàlids, 27 icones, producció/public iguals i 10 fitxers d’avatar sense canvis; cap foto original publicada."
VISUAL_STATE,S01-390x844,12,Pantalla inicial coherent a 390x844,Captura real i inspecció visual,P0,PASS,acceptance/art-redesign/screenshots/home-390x844.png; acceptance/art-redesign/VISUAL_CAPTURE_REPORT.json; acceptance/art-redesign/VISUAL_REVIEW.md,"Captura de Supabase real; contingut, materials, controls i absència de clipping inspeccionats."
VISUAL_STATE,S01-1024x768,12,Pantalla inicial coherent a 1024x768,Captura real i inspecció visual,P0,PASS,acceptance/art-redesign/screenshots/home-1024x768.png; acceptance/art-redesign/VISUAL_CAPTURE_REPORT.json; acceptance/art-redesign/VISUAL_REVIEW.md,"Captura de Supabase real; contingut, materials, controls i absència de clipping inspeccionats."
VISUAL_STATE,S01-1440x900,12,Pantalla inicial coherent a 1440x900,Captura real i inspecció visual,P0,PASS,acceptance/art-redesign/screenshots/home-1440x900.png; acceptance/art-redesign/VISUAL_CAPTURE_REPORT.json; acceptance/art-redesign/VISUAL_REVIEW.md,"Captura de Supabase real; contingut, materials, controls i absència de clipping inspeccionats."
VISUAL_STATE,S02-390x844,12,Selector de durada coherent a 390x844,Captura real i inspecció visual,P0,PASS,acceptance/art-redesign/screenshots/duration-390x844.png; acceptance/art-redesign/VISUAL_CAPTURE_REPORT.json; acceptance/art-redesign/VISUAL_REVIEW.md,"Captura de Supabase real; contingut, materials, controls i absència de clipping inspeccionats."
VISUAL_STATE,S02-1024x768,12,Selector de durada coherent a 1024x768,Captura real i inspecció visual,P0,PASS,acceptance/art-redesign/screenshots/duration-1024x768.png; acceptance/art-redesign/VISUAL_CAPTURE_REPORT.json; acceptance/art-redesign/VISUAL_REVIEW.md,"Captura de Supabase real; contingut, materials, controls i absència de clipping inspeccionats."
VISUAL_STATE,S02-1440x900,12,Selector de durada coherent a 1440x900,Captura real i inspecció visual,P0,PASS,acceptance/art-redesign/screenshots/duration-1440x900.png; acceptance/art-redesign/VISUAL_CAPTURE_REPORT.json; acceptance/art-redesign/VISUAL_REVIEW.md,"Captura de Supabase real; contingut, materials, controls i absència de clipping inspeccionats."
VISUAL_STATE,S03-390x844,12,Sala en línia coherent a 390x844,Captura real i inspecció visual,P0,PASS,acceptance/art-redesign/screenshots/online-lobby-390x844.png; acceptance/art-redesign/VISUAL_CAPTURE_REPORT.json; acceptance/art-redesign/VISUAL_REVIEW.md,"Captura de Supabase real; contingut, materials, controls i absència de clipping inspeccionats."
VISUAL_STATE,S03-1024x768,12,Sala en línia coherent a 1024x768,Captura real i inspecció visual,P0,PASS,acceptance/art-redesign/screenshots/online-lobby-1024x768.png; acceptance/art-redesign/VISUAL_CAPTURE_REPORT.json; acceptance/art-redesign/VISUAL_REVIEW.md,"Captura de Supabase real; contingut, materials, controls i absència de clipping inspeccionats."
VISUAL_STATE,S03-1440x900,12,Sala en línia coherent a 1440x900,Captura real i inspecció visual,P0,PASS,acceptance/art-redesign/screenshots/online-lobby-1440x900.png; acceptance/art-redesign/VISUAL_CAPTURE_REPORT.json; acceptance/art-redesign/VISUAL_REVIEW.md,"Captura de Supabase real; contingut, materials, controls i absència de clipping inspeccionats."
VISUAL_STATE,S04-390x844,12,Tauler abans del torn coherent a 390x844,Captura real i inspecció visual,P0,PASS,acceptance/art-redesign/screenshots/turn-intro-390x844.png; acceptance/art-redesign/VISUAL_CAPTURE_REPORT.json; acceptance/art-redesign/VISUAL_REVIEW.md; acceptance/art-redesign/ART_MOTION_AUDIT.md; acceptance/art-redesign/motion-performance-report.json,"Aspecte, text i geometria PASS en el PNG. Seqüència temporal final acreditada separadament a ART_MOTION_AUDIT i motion-performance-report (evidenceComplete=true); els timestamps del host no garanteixen timings físics exactes."
VISUAL_STATE,S04-1024x768,12,Tauler abans del torn coherent a 1024x768,Captura real i inspecció visual,P0,PASS,acceptance/art-redesign/screenshots/turn-intro-1024x768.png; acceptance/art-redesign/VISUAL_CAPTURE_REPORT.json; acceptance/art-redesign/VISUAL_REVIEW.md; acceptance/art-redesign/ART_MOTION_AUDIT.md; acceptance/art-redesign/motion-performance-report.json,"Aspecte, text i geometria PASS en el PNG. Seqüència temporal final acreditada separadament a ART_MOTION_AUDIT i motion-performance-report (evidenceComplete=true); els timestamps del host no garanteixen timings físics exactes."
VISUAL_STATE,S04-1440x900,12,Tauler abans del torn coherent a 1440x900,Captura real i inspecció visual,P0,PASS,acceptance/art-redesign/screenshots/turn-intro-1440x900.png; acceptance/art-redesign/VISUAL_CAPTURE_REPORT.json; acceptance/art-redesign/VISUAL_REVIEW.md; acceptance/art-redesign/ART_MOTION_AUDIT.md; acceptance/art-redesign/motion-performance-report.json,"Aspecte, text i geometria PASS en el PNG. Seqüència temporal final acreditada separadament a ART_MOTION_AUDIT i motion-performance-report (evidenceComplete=true); els timestamps del host no garanteixen timings físics exactes."
VISUAL_STATE,S05-390x844,12,Pregunta coherent a 390x844,Captura real i inspecció visual,P0,PASS,acceptance/art-redesign/screenshots/question-390x844.png; acceptance/art-redesign/VISUAL_CAPTURE_REPORT.json; acceptance/art-redesign/VISUAL_REVIEW.md; acceptance/art-redesign/ART_MOTION_AUDIT.md; acceptance/art-redesign/motion-performance-report.json,"Aspecte, text i geometria PASS en el PNG. Seqüència temporal final acreditada separadament a ART_MOTION_AUDIT i motion-performance-report (evidenceComplete=true); els timestamps del host no garanteixen timings físics exactes."
VISUAL_STATE,S05-1024x768,12,Pregunta coherent a 1024x768,Captura real i inspecció visual,P0,PASS,acceptance/art-redesign/screenshots/question-1024x768.png; acceptance/art-redesign/VISUAL_CAPTURE_REPORT.json; acceptance/art-redesign/VISUAL_REVIEW.md; acceptance/art-redesign/ART_MOTION_AUDIT.md; acceptance/art-redesign/motion-performance-report.json,"Aspecte, text i geometria PASS en el PNG. Seqüència temporal final acreditada separadament a ART_MOTION_AUDIT i motion-performance-report (evidenceComplete=true); els timestamps del host no garanteixen timings físics exactes."
VISUAL_STATE,S05-1440x900,12,Pregunta coherent a 1440x900,Captura real i inspecció visual,P0,PASS,acceptance/art-redesign/screenshots/question-1440x900.png; acceptance/art-redesign/VISUAL_CAPTURE_REPORT.json; acceptance/art-redesign/VISUAL_REVIEW.md; acceptance/art-redesign/ART_MOTION_AUDIT.md; acceptance/art-redesign/motion-performance-report.json,"Aspecte, text i geometria PASS en el PNG. Seqüència temporal final acreditada separadament a ART_MOTION_AUDIT i motion-performance-report (evidenceComplete=true); els timestamps del host no garanteixen timings físics exactes."
VISUAL_STATE,S06-390x844,12,Resposta revelada coherent a 390x844,Captura real i inspecció visual,P0,PASS,acceptance/art-redesign/screenshots/answer-revealed-390x844.png; acceptance/art-redesign/VISUAL_CAPTURE_REPORT.json; acceptance/art-redesign/VISUAL_REVIEW.md; acceptance/art-redesign/ART_MOTION_AUDIT.md; acceptance/art-redesign/motion-performance-report.json,"Aspecte, text i geometria PASS en el PNG. Seqüència temporal final acreditada separadament a ART_MOTION_AUDIT i motion-performance-report (evidenceComplete=true); els timestamps del host no garanteixen timings físics exactes."
VISUAL_STATE,S06-1024x768,12,Resposta revelada coherent a 1024x768,Captura real i inspecció visual,P0,PASS,acceptance/art-redesign/screenshots/answer-revealed-1024x768.png; acceptance/art-redesign/VISUAL_CAPTURE_REPORT.json; acceptance/art-redesign/VISUAL_REVIEW.md; acceptance/art-redesign/ART_MOTION_AUDIT.md; acceptance/art-redesign/motion-performance-report.json,"Aspecte, text i geometria PASS en el PNG. Seqüència temporal final acreditada separadament a ART_MOTION_AUDIT i motion-performance-report (evidenceComplete=true); els timestamps del host no garanteixen timings físics exactes."
VISUAL_STATE,S06-1440x900,12,Resposta revelada coherent a 1440x900,Captura real i inspecció visual,P0,PASS,acceptance/art-redesign/screenshots/answer-revealed-1440x900.png; acceptance/art-redesign/VISUAL_CAPTURE_REPORT.json; acceptance/art-redesign/VISUAL_REVIEW.md; acceptance/art-redesign/ART_MOTION_AUDIT.md; acceptance/art-redesign/motion-performance-report.json,"Aspecte, text i geometria PASS en el PNG. Seqüència temporal final acreditada separadament a ART_MOTION_AUDIT i motion-performance-report (evidenceComplete=true); els timestamps del host no garanteixen timings físics exactes."
VISUAL_STATE,S07-390x844,12,Encert coherent a 390x844,Captura real i inspecció visual,P0,PASS,acceptance/art-redesign/screenshots/correct-390x844.png; acceptance/art-redesign/VISUAL_CAPTURE_REPORT.json; acceptance/art-redesign/VISUAL_REVIEW.md; acceptance/art-redesign/ART_MOTION_AUDIT.md; acceptance/art-redesign/motion-performance-report.json,"Aspecte, text i geometria PASS en el PNG. Seqüència temporal final acreditada separadament a ART_MOTION_AUDIT i motion-performance-report (evidenceComplete=true); els timestamps del host no garanteixen timings físics exactes."
VISUAL_STATE,S07-1024x768,12,Encert coherent a 1024x768,Captura real i inspecció visual,P0,PASS,acceptance/art-redesign/screenshots/correct-1024x768.png; acceptance/art-redesign/VISUAL_CAPTURE_REPORT.json; acceptance/art-redesign/VISUAL_REVIEW.md; acceptance/art-redesign/ART_MOTION_AUDIT.md; acceptance/art-redesign/motion-performance-report.json,"Aspecte, text i geometria PASS en el PNG. Seqüència temporal final acreditada separadament a ART_MOTION_AUDIT i motion-performance-report (evidenceComplete=true); els timestamps del host no garanteixen timings físics exactes."
VISUAL_STATE,S07-1440x900,12,Encert coherent a 1440x900,Captura real i inspecció visual,P0,PASS,acceptance/art-redesign/screenshots/correct-1440x900.png; acceptance/art-redesign/VISUAL_CAPTURE_REPORT.json; acceptance/art-redesign/VISUAL_REVIEW.md; acceptance/art-redesign/ART_MOTION_AUDIT.md; acceptance/art-redesign/motion-performance-report.json,"Aspecte, text i geometria PASS en el PNG. Seqüència temporal final acreditada separadament a ART_MOTION_AUDIT i motion-performance-report (evidenceComplete=true); els timestamps del host no garanteixen timings físics exactes."
VISUAL_STATE,S08-390x844,12,Error i got coherent a 390x844,Captura real i inspecció visual,P0,PASS,acceptance/art-redesign/screenshots/incorrect-390x844.png; acceptance/art-redesign/VISUAL_CAPTURE_REPORT.json; acceptance/art-redesign/VISUAL_REVIEW.md; acceptance/art-redesign/ART_MOTION_AUDIT.md; acceptance/art-redesign/motion-performance-report.json,"Aspecte, text i geometria PASS en el PNG. Seqüència temporal final acreditada separadament a ART_MOTION_AUDIT i motion-performance-report (evidenceComplete=true); els timestamps del host no garanteixen timings físics exactes."
VISUAL_STATE,S08-1024x768,12,Error i got coherent a 1024x768,Captura real i inspecció visual,P0,PASS,acceptance/art-redesign/screenshots/incorrect-1024x768.png; acceptance/art-redesign/VISUAL_CAPTURE_REPORT.json; acceptance/art-redesign/VISUAL_REVIEW.md; acceptance/art-redesign/ART_MOTION_AUDIT.md; acceptance/art-redesign/motion-performance-report.json,"Aspecte, text i geometria PASS en el PNG. Seqüència temporal final acreditada separadament a ART_MOTION_AUDIT i motion-performance-report (evidenceComplete=true); els timestamps del host no garanteixen timings físics exactes."
VISUAL_STATE,S08-1440x900,12,Error i got coherent a 1440x900,Captura real i inspecció visual,P0,PASS,acceptance/art-redesign/screenshots/incorrect-1440x900.png; acceptance/art-redesign/VISUAL_CAPTURE_REPORT.json; acceptance/art-redesign/VISUAL_REVIEW.md; acceptance/art-redesign/ART_MOTION_AUDIT.md; acceptance/art-redesign/motion-performance-report.json,"Aspecte, text i geometria PASS en el PNG. Seqüència temporal final acreditada separadament a ART_MOTION_AUDIT i motion-performance-report (evidenceComplete=true); els timestamps del host no garanteixen timings físics exactes."
VISUAL_STATE,S09-390x844,12,T&P coherent a 390x844,Captura real i inspecció visual,P0,PASS,acceptance/art-redesign/screenshots/tp-390x844.png; acceptance/art-redesign/VISUAL_CAPTURE_REPORT.json; acceptance/art-redesign/VISUAL_REVIEW.md; acceptance/art-redesign/ART_MOTION_AUDIT.md; acceptance/art-redesign/motion-performance-report.json,"Aspecte, text i geometria PASS en el PNG. Seqüència temporal final acreditada separadament a ART_MOTION_AUDIT i motion-performance-report (evidenceComplete=true); els timestamps del host no garanteixen timings físics exactes."
VISUAL_STATE,S09-1024x768,12,T&P coherent a 1024x768,Captura real i inspecció visual,P0,PASS,acceptance/art-redesign/screenshots/tp-1024x768.png; acceptance/art-redesign/VISUAL_CAPTURE_REPORT.json; acceptance/art-redesign/VISUAL_REVIEW.md; acceptance/art-redesign/ART_MOTION_AUDIT.md; acceptance/art-redesign/motion-performance-report.json,"Aspecte, text i geometria PASS en el PNG. Seqüència temporal final acreditada separadament a ART_MOTION_AUDIT i motion-performance-report (evidenceComplete=true); els timestamps del host no garanteixen timings físics exactes."
VISUAL_STATE,S09-1440x900,12,T&P coherent a 1440x900,Captura real i inspecció visual,P0,PASS,acceptance/art-redesign/screenshots/tp-1440x900.png; acceptance/art-redesign/VISUAL_CAPTURE_REPORT.json; acceptance/art-redesign/VISUAL_REVIEW.md; acceptance/art-redesign/ART_MOTION_AUDIT.md; acceptance/art-redesign/motion-performance-report.json,"Aspecte, text i geometria PASS en el PNG. Seqüència temporal final acreditada separadament a ART_MOTION_AUDIT i motion-performance-report (evidenceComplete=true); els timestamps del host no garanteixen timings físics exactes."
VISUAL_STATE,S10-390x844,12,+1 coherent a 390x844,Captura real i inspecció visual,P0,PASS,acceptance/art-redesign/screenshots/plus-one-390x844.png; acceptance/art-redesign/VISUAL_CAPTURE_REPORT.json; acceptance/art-redesign/VISUAL_REVIEW.md; acceptance/art-redesign/ART_MOTION_AUDIT.md; acceptance/art-redesign/motion-performance-report.json,"Aspecte, text i geometria PASS en el PNG. Seqüència temporal final acreditada separadament a ART_MOTION_AUDIT i motion-performance-report (evidenceComplete=true); els timestamps del host no garanteixen timings físics exactes."
VISUAL_STATE,S10-1024x768,12,+1 coherent a 1024x768,Captura real i inspecció visual,P0,PASS,acceptance/art-redesign/screenshots/plus-one-1024x768.png; acceptance/art-redesign/VISUAL_CAPTURE_REPORT.json; acceptance/art-redesign/VISUAL_REVIEW.md; acceptance/art-redesign/ART_MOTION_AUDIT.md; acceptance/art-redesign/motion-performance-report.json,"Aspecte, text i geometria PASS en el PNG. Seqüència temporal final acreditada separadament a ART_MOTION_AUDIT i motion-performance-report (evidenceComplete=true); els timestamps del host no garanteixen timings físics exactes."
VISUAL_STATE,S10-1440x900,12,+1 coherent a 1440x900,Captura real i inspecció visual,P0,PASS,acceptance/art-redesign/screenshots/plus-one-1440x900.png; acceptance/art-redesign/VISUAL_CAPTURE_REPORT.json; acceptance/art-redesign/VISUAL_REVIEW.md; acceptance/art-redesign/ART_MOTION_AUDIT.md; acceptance/art-redesign/motion-performance-report.json,"Aspecte, text i geometria PASS en el PNG. Seqüència temporal final acreditada separadament a ART_MOTION_AUDIT i motion-performance-report (evidenceComplete=true); els timestamps del host no garanteixen timings físics exactes."
VISUAL_STATE,S11-390x844,12,Desconnexió coherent a 390x844,Captura real i inspecció visual,P0,PASS,acceptance/art-redesign/screenshots/disconnect-390x844.png; acceptance/art-redesign/VISUAL_CAPTURE_REPORT.json; acceptance/art-redesign/VISUAL_REVIEW.md; acceptance/art-redesign/ART_MOTION_AUDIT.md; acceptance/art-redesign/motion-performance-report.json,"Aspecte, text i geometria PASS en el PNG. Seqüència temporal final acreditada separadament a ART_MOTION_AUDIT i motion-performance-report (evidenceComplete=true); els timestamps del host no garanteixen timings físics exactes."
VISUAL_STATE,S11-1024x768,12,Desconnexió coherent a 1024x768,Captura real i inspecció visual,P0,PASS,acceptance/art-redesign/screenshots/disconnect-1024x768.png; acceptance/art-redesign/VISUAL_CAPTURE_REPORT.json; acceptance/art-redesign/VISUAL_REVIEW.md; acceptance/art-redesign/ART_MOTION_AUDIT.md; acceptance/art-redesign/motion-performance-report.json,"Aspecte, text i geometria PASS en el PNG. Seqüència temporal final acreditada separadament a ART_MOTION_AUDIT i motion-performance-report (evidenceComplete=true); els timestamps del host no garanteixen timings físics exactes."
VISUAL_STATE,S11-1440x900,12,Desconnexió coherent a 1440x900,Captura real i inspecció visual,P0,PASS,acceptance/art-redesign/screenshots/disconnect-1440x900.png; acceptance/art-redesign/VISUAL_CAPTURE_REPORT.json; acceptance/art-redesign/VISUAL_REVIEW.md; acceptance/art-redesign/ART_MOTION_AUDIT.md; acceptance/art-redesign/motion-performance-report.json,"Aspecte, text i geometria PASS en el PNG. Seqüència temporal final acreditada separadament a ART_MOTION_AUDIT i motion-performance-report (evidenceComplete=true); els timestamps del host no garanteixen timings físics exactes."
VISUAL_STATE,S12-390x844,12,Victòria coherent a 390x844,Captura real i inspecció visual,P0,PASS,acceptance/art-redesign/screenshots/victory-390x844.png; acceptance/art-redesign/VISUAL_CAPTURE_REPORT.json; acceptance/art-redesign/VISUAL_REVIEW.md; acceptance/art-redesign/ART_MOTION_AUDIT.md; acceptance/art-redesign/motion-performance-report.json,"Aspecte, text i geometria PASS en el PNG. Seqüència temporal final acreditada separadament a ART_MOTION_AUDIT i motion-performance-report (evidenceComplete=true); els timestamps del host no garanteixen timings físics exactes."
VISUAL_STATE,S12-1024x768,12,Victòria coherent a 1024x768,Captura real i inspecció visual,P0,PASS,acceptance/art-redesign/screenshots/victory-1024x768.png; acceptance/art-redesign/VISUAL_CAPTURE_REPORT.json; acceptance/art-redesign/VISUAL_REVIEW.md; acceptance/art-redesign/ART_MOTION_AUDIT.md; acceptance/art-redesign/motion-performance-report.json,"Aspecte, text i geometria PASS en el PNG. Seqüència temporal final acreditada separadament a ART_MOTION_AUDIT i motion-performance-report (evidenceComplete=true); els timestamps del host no garanteixen timings físics exactes."
VISUAL_STATE,S12-1440x900,12,Victòria coherent a 1440x900,Captura real i inspecció visual,P0,PASS,acceptance/art-redesign/screenshots/victory-1440x900.png; acceptance/art-redesign/VISUAL_CAPTURE_REPORT.json; acceptance/art-redesign/VISUAL_REVIEW.md; acceptance/art-redesign/ART_MOTION_AUDIT.md; acceptance/art-redesign/motion-performance-report.json,"Aspecte, text i geometria PASS en el PNG. Seqüència temporal final acreditada separadament a ART_MOTION_AUDIT i motion-performance-report (evidenceComplete=true); els timestamps del host no garanteixen timings físics exactes."
