category,id,criterion,verification,priority,status,evidence
PRODUCT,P001,Els únics jugadors són en Pau i la Tecla,Inspecció UI i fluxos,P0,PASS,acceptance/art-redesign/FINAL_E2E_REPORT.json; src/App.tsx; src/domain/game/game-types.ts
PRODUCT,P002,No hi ha inputs de resposta ni reconeixement de veu,DOM i permisos navegador,P0,PASS,acceptance/art-redesign/FINAL_E2E_REPORT.json; src/App.tsx; src/domain/game/game-types.ts
PRODUCT,P003,Mode presencial complet de principi a fi,E2E,P0,PASS,acceptance/art-redesign/FINAL_E2E_REPORT.json; src/App.tsx; src/domain/game/game-types.ts
PRODUCT,P004,Mode online complet amb dos dispositius,E2E dos contexts,P0,PASS,acceptance/art-redesign/FINAL_E2E_REPORT.json; src/App.tsx; src/domain/game/game-types.ts
LANG,L001,Tota la UI visible és en català correcte,Revisió textual,P0,PASS,data/copy_ca.json; src/content/ca.ts; acceptance/art-redesign/FINAL_E2E_REPORT.json; 130 preguntes validades
LANG,L002,Text exacte Quant de temps voleu que duri la partida?,Test UI,P0,PASS,data/copy_ca.json; src/content/ca.ts; acceptance/art-redesign/FINAL_E2E_REPORT.json; 130 preguntes validades
LANG,L003,S’utilitzen en Pau i la Tecla en frases,Revisió textual,P0,PASS,data/copy_ca.json; src/content/ca.ts; acceptance/art-redesign/FINAL_E2E_REPORT.json; 130 preguntes validades
VISUAL,V001,La pantalla inicial s’assembla a la referència aprovada,Captura 1440x900,P0,PASS,acceptance/art-redesign/VISUAL_REVIEW.md; acceptance/art-redesign/VISUAL_CAPTURE_REPORT.json; acceptance/art-redesign/screenshots/home-1440x900.png
VISUAL,V002,La Punta és recognoscible i no hi ha edificis genèrics,Comparació visual,P0,PASS,acceptance/art-redesign/VISUAL_REVIEW.md; acceptance/art-redesign/screenshots/home-1440x900.png; docs/ART_SYSTEM.md
VISUAL,V003,"No hi ha càmera, maleta, avió ni tòpics turístics",Inspecció assets,P0,PASS,acceptance/art-redesign/VISUAL_REVIEW.md; acceptance/art-redesign/ASSET_INVENTORY_REPORT.json; acceptance/art-redesign/screenshots/home-390x844.png
VISUAL,V004,La llibreta no conté el text Sitges,Inspecció visual,P0,PASS,acceptance/art-redesign/VISUAL_REVIEW.md; acceptance/art-redesign/screenshots/home-390x844.png; acceptance/art-redesign/screenshots/home-1440x900.png
VISUAL,V005,Els avatars són consistents a totes les pantalles,Comparació assets,P0,PASS,"acceptance/avatar-refinement/REPORT.json; acceptance/avatar-refinement/ASSET_REPORT.json; docs/AVATAR_REFINEMENT.md; src/components/PlayerPortrait.tsx; Mateix mestre transparent v2 en portada i tots els perfils, retall CSS i marc sense cercle blanc"
VISUAL,V006,En Pau té peça blava,Captura partida,P0,PASS,acceptance/art-redesign/VISUAL_REVIEW.md; assets/production/pawns/pawn_pau.svg; acceptance/art-redesign/screenshots/question-390x844.png
VISUAL,V007,La Tecla té peça rosa,Captura partida,P0,PASS,acceptance/art-redesign/VISUAL_REVIEW.md; assets/production/pawns/pawn_tecla.svg; acceptance/art-redesign/screenshots/question-390x844.png
VISUAL,V008,El tauler té profunditat i perspectiva a iPad/desktop,Captura 1024x768 i 1440x900,P0,PASS,acceptance/art-redesign/VISUAL_REVIEW.md; acceptance/art-redesign/BOARD_GEOMETRY_REPORT.json; src/art-system/board.css; acceptance/art-redesign/screenshots/question-1024x768.png; acceptance/art-redesign/screenshots/question-1440x900.png
VISUAL,V009,El mòbil utilitza perspectiva més plana,Captura 390x844,P0,PASS,acceptance/art-redesign/VISUAL_REVIEW.md; src/art-system/board.css; acceptance/art-redesign/screenshots/question-390x844.png
VISUAL,V010,Les targetes semblen paper i no cards SaaS,Comparació visual,P0,PASS,acceptance/art-redesign/VISUAL_REVIEW.md; src/components/art/ArtSurface.tsx; src/art-system/materials.css; acceptance/art-redesign/screenshots/question-1440x900.png
VISUAL,V011,El marcador històric només destaca a inici i final,Flux complet,P0,PASS,acceptance/art-redesign/VISUAL_REVIEW.md; acceptance/art-redesign/screenshots/home-1440x900.png; acceptance/art-redesign/screenshots/victory-1440x900.png
VISUAL,V012,Els botons estan integrats a la direcció d’art,Comparació visual,P0,PASS,acceptance/art-redesign/VISUAL_REVIEW.md; acceptance/art-redesign/ASSET_INVENTORY_REPORT.json; src/components/art/ArtButton.tsx; src/art-system/materials.css
VISUAL,V013,No s’utilitza la imatge composta com un únic fons,Inspecció DOM/assets,P0,PASS,acceptance/art-redesign/VISUAL_REVIEW.md; acceptance/art-redesign/BOARD_GEOMETRY_REPORT.json; src/components/Scene.tsx; src/components/Board.tsx
VISUAL,V014,La composició manté el centre d’acció net,Captures,P0,PASS,acceptance/art-redesign/VISUAL_REVIEW.md; acceptance/art-redesign/VISUAL_CAPTURE_REPORT.json; acceptance/art-redesign/screenshots/question-390x844.png; acceptance/art-redesign/screenshots/answer-revealed-1440x900.png
RESPONSIVE,R001,390x844 és jugable sense scroll durant un torn normal,Browser test,P0,PASS,acceptance/art-redesign/VISUAL_REVIEW.md; acceptance/art-redesign/VISUAL_CAPTURE_REPORT.json; acceptance/art-redesign/screenshots/question-390x844.png; acceptance/art-redesign/screenshots/answer-revealed-390x844.png
RESPONSIVE,R002,360x800 és jugable sense overflow horitzontal,Browser test,P0,PASS,acceptance/art-redesign/VISUAL_REVIEW.md; acceptance/art-redesign/VISUAL_CAPTURE_REPORT.json; acceptance/art-redesign/ADDITIONAL_RESPONSIVE_REPORT.json; acceptance/art-redesign/screenshots/question-extra-360x800.png; acceptance/art-redesign/screenshots/answer-revealed-extra-360x800.png
RESPONSIVE,R003,430x932 és jugable,Browser test,P0,PASS,acceptance/art-redesign/VISUAL_REVIEW.md; acceptance/art-redesign/VISUAL_CAPTURE_REPORT.json; acceptance/art-redesign/ADDITIONAL_RESPONSIVE_REPORT.json; acceptance/art-redesign/screenshots/question-extra-430x932.png; acceptance/art-redesign/screenshots/answer-revealed-extra-430x932.png
RESPONSIVE,R004,Mòbil horitzontal mostra gira el dispositiu,Browser test,P0,PASS,acceptance/art-redesign/VISUAL_REVIEW.md; acceptance/art-redesign/VISUAL_CAPTURE_REPORT.json; acceptance/art-redesign/screenshots/rotation-844x390.png
RESPONSIVE,R005,768x1024 mostra gira l’iPad,Browser test,P0,PASS,acceptance/art-redesign/VISUAL_REVIEW.md; acceptance/art-redesign/VISUAL_CAPTURE_REPORT.json; acceptance/art-redesign/screenshots/rotation-768x1024.png
RESPONSIVE,R006,1024x768 utilitza layout horitzontal 60/40 aproximat,Browser test,P0,PASS,acceptance/art-redesign/VISUAL_REVIEW.md; acceptance/art-redesign/VISUAL_CAPTURE_REPORT.json; acceptance/art-redesign/BOARD_GEOMETRY_REPORT.json; acceptance/art-redesign/screenshots/question-1024x768.png
RESPONSIVE,R007,1366x768 no talla controls,Browser test,P0,PASS,acceptance/art-redesign/VISUAL_REVIEW.md; acceptance/art-redesign/LOBBY_1366_REPORT.json; acceptance/art-redesign/screenshots/online-lobby-extra-1366x768.png; acceptance/art-redesign/screenshots/question-extra-1366x768.png; acceptance/art-redesign/screenshots/answer-revealed-extra-1366x768.png
RESPONSIVE,R008,1440x900 manté amplada màxima,Browser test,P0,PASS,acceptance/art-redesign/VISUAL_REVIEW.md; acceptance/art-redesign/VISUAL_CAPTURE_REPORT.json; acceptance/art-redesign/screenshots/question-1440x900.png; src/styles/base.css; src/styles/game.css
RESPONSIVE,R009,Safe areas superior i inferior funcionen,Simulació mòbil,P0,PASS,acceptance/art-redesign/VISUAL_REVIEW.md; acceptance/art-redesign/VISUAL_CAPTURE_REPORT.json; src/styles/base.css; src/styles/game.css; Insets CSS i marges virtuals verificats; no dispositiu amb notch físic
RESPONSIVE,R010,Targets tàctils principals tenen almenys 48 px,Mesura DOM,P0,PASS,acceptance/art-redesign/VISUAL_REVIEW.md; acceptance/art-redesign/VISUAL_CAPTURE_REPORT.json; acceptance/art-redesign/LOBBY_1366_REPORT.json
RESPONSIVE,R011,Correcte i Incorrecte estan prou separats,Mesura DOM,P0,PASS,acceptance/art-redesign/VISUAL_REVIEW.md; acceptance/art-redesign/VISUAL_CAPTURE_REPORT.json; src/styles/game.css; acceptance/art-redesign/screenshots/answer-revealed-390x844.png
RESPONSIVE,R012,Cap acció crítica depèn de hover,Inspecció,P0,PASS,acceptance/art-redesign/VISUAL_REVIEW.md; acceptance/art-redesign/FINAL_E2E_REPORT.json; src/components/art/ArtButton.tsx; src/styles/game.css
MOTION,M001,La targeta entra lliscant sobre la taula,Vídeo/captura temporal,P0,PASS,acceptance/art-redesign/ART_MOTION_AUDIT.md; acceptance/art-redesign/MOTION_BROWSER_QA.json; acceptance/art-redesign/FINAL_E2E_REPORT.json; motion/event-choreography.json
MOTION,M002,La resposta es revela amb gir i canvi al punt mig,Vídeo/captura temporal,P0,PASS,"acceptance/art-redesign/ART_MOTION_AUDIT.md; acceptance/art-redesign/motion-performance-report.json; acceptance/art-redesign/MOTION_PATH_RECHECK_REPORT.json; acceptance/art-redesign/MOTION_NO_VIDEO_REPORT.json; acceptance/art-redesign/MOTION_BROWSER_QA.json; Mostres de resposta a −90°; midpoint nominal JSON, sense exactitud física al ms"
MOTION,M003,"Correcte mostra halo, check i partícules",Vídeo,P0,PASS,acceptance/art-redesign/ART_MOTION_AUDIT.md; acceptance/art-redesign/MOTION_BROWSER_QA.json; acceptance/art-redesign/VISUAL_CAPTURE_REPORT.json; src/components/art/ArtFeedback.tsx
MOTION,M004,"Incorrecte mou només la targeta, no tota la pantalla",Vídeo,P0,PASS,acceptance/art-redesign/ART_MOTION_AUDIT.md; acceptance/art-redesign/MOTION_BROWSER_QA.json; acceptance/art-redesign/MOTION_NO_VIDEO_REPORT.json; Peça immòbil durant error; desplaçament acotat a la targeta
MOTION,M005,La peça segueix el recorregut en lloc de teletransportar-se,Vídeo,P0,PASS,acceptance/art-redesign/ART_MOTION_AUDIT.md; acceptance/art-redesign/motion-performance-report.json; acceptance/art-redesign/MOTION_PATH_RECHECK_REPORT.json; acceptance/art-redesign/MOTION_NO_VIDEO_REPORT.json; acceptance/art-redesign/BOARD_GEOMETRY_REPORT.json; Punts intermedis de ruta confirmats després del shortcut
MOTION,M006,Cada aterratge reprodueix un sol toc,Àudio i logs,P0,PASS,acceptance/art-redesign/ART_MOTION_AUDIT.md; tests/unit/audio.test.ts; motion/audio-cues.json; acceptance/art-redesign/LOCAL_CHECK_REPORT.json
MOTION,M007,+1 té dos moviments diferenciats,Vídeo,P0,PASS,"acceptance/art-redesign/ART_MOTION_AUDIT.md; acceptance/art-redesign/motion-performance-report.json; acceptance/art-redesign/MOTION_PATH_RECHECK_REPORT.json; acceptance/art-redesign/MOTION_NO_VIDEO_REPORT.json; acceptance/art-redesign/MOTION_BROWSER_QA.json; Primera arribada, pausa i segon tram; segell posterior a primera arribada"
MOTION,M008,T&P espera confirmació del servidor abans de declarar guanyador,E2E concurrent,P0,PASS,acceptance/art-redesign/FINAL_E2E_REPORT.json; acceptance/art-redesign/ART_MOTION_AUDIT.md; tests/e2e/game.spec.ts
MOTION,M009,"Victòria integra peça, càmera, corona, confeti i targeta",Vídeo,P0,PASS,acceptance/art-redesign/ART_MOTION_AUDIT.md; acceptance/art-redesign/MOTION_VICTORY_QA.json; acceptance/art-redesign/motion-performance-report.json; acceptance/art-redesign/FINAL_E2E_REPORT.json; Ordre i entrada física del marcador confirmats; timestamps després de fetch FINISHED
MOTION,M010,Desconnexió bloqueja accions i manté escena,E2E,P0,PASS,acceptance/art-redesign/ART_MOTION_AUDIT.md; acceptance/art-redesign/FINAL_E2E_REPORT.json; acceptance/art-redesign/VISUAL_CAPTURE_REPORT.json; acceptance/art-redesign/VISUAL_REVIEW.md
MOTION,M011,Reconnexió no repeteix l’últim efecte,E2E,P0,PASS,acceptance/art-redesign/ART_MOTION_AUDIT.md; acceptance/art-redesign/FINAL_E2E_REPORT.json; tests/unit/motion.test.ts
MOTION,M012,prefers-reduced-motion conserva informació,Browser test,P0,PASS,acceptance/art-redesign/ART_MOTION_AUDIT.md; acceptance/art-redesign/FINAL_E2E_REPORT.json; tests/unit/motion.test.ts
MOTION,M013,El control de so funciona i persisteix,Browser test,P0,PASS,acceptance/art-redesign/FINAL_E2E_REPORT.json; tests/e2e/access.spec.ts
MOTION,M014,No hi ha música contínua,Inspecció àudio,P0,PASS,acceptance/art-redesign/ART_MOTION_AUDIT.md; motion/audio-cues.json; src/motion/audio.ts
MOTION,M015,No hi ha doble so per esdeveniments duplicats,Test deduplicació,P0,PASS,acceptance/art-redesign/ART_MOTION_AUDIT.md; tests/unit/audio.test.ts; tests/unit/motion.test.ts; acceptance/art-redesign/LOCAL_CHECK_REPORT.json
RULES,G001,Encert avança una casella,Unit/E2E,P0,PASS,acceptance/backend-integration-report.json (11 PASS); acceptance/art-redesign/FINAL_E2E_REPORT.json; tests/unit/game-rules.test.ts
RULES,G002,"Error no avança, canvia torn i indica beure",Unit/E2E,P0,PASS,acceptance/backend-integration-report.json (11 PASS); acceptance/art-redesign/FINAL_E2E_REPORT.json; tests/unit/game-rules.test.ts
RULES,G003,Error a +1 indica beure doble,Unit/E2E,P0,PASS,acceptance/backend-integration-report.json (11 PASS); acceptance/art-redesign/FINAL_E2E_REPORT.json; tests/unit/game-rules.test.ts
RULES,G004,Encert a +1 avança una casella addicional,Unit/E2E,P0,PASS,acceptance/backend-integration-report.json (11 PASS); acceptance/art-redesign/FINAL_E2E_REPORT.json; tests/unit/game-rules.test.ts
RULES,G005,Un segon +1 no s’encadena,Unit,P0,PASS,acceptance/backend-integration-report.json (11 PASS); acceptance/art-redesign/FINAL_E2E_REPORT.json; tests/unit/game-rules.test.ts
RULES,G006,Personal selecciona pool correcte per jugador,Unit,P0,PASS,acceptance/backend-integration-report.json (11 PASS); acceptance/art-redesign/FINAL_E2E_REPORT.json; tests/unit/game-rules.test.ts
RULES,G007,Creuada selecciona pool correcte per jugador,Unit,P0,PASS,acceptance/backend-integration-report.json (11 PASS); acceptance/art-redesign/FINAL_E2E_REPORT.json; tests/unit/game-rules.test.ts
RULES,G008,T&P només accepta una reclamació,Integració concurrent,P0,PASS,acceptance/backend-integration-report.json (11 PASS); acceptance/art-redesign/FINAL_E2E_REPORT.json; tests/unit/game-rules.test.ts
RULES,G009,T&P mou qui respon correctament,Unit/E2E,P0,PASS,acceptance/backend-integration-report.json (11 PASS); acceptance/art-redesign/FINAL_E2E_REPORT.json; tests/unit/game-rules.test.ts
RULES,G010,No es repeteix pregunta dins d’una partida,Integració,P0,PASS,acceptance/backend-integration-report.json (11 PASS); acceptance/art-redesign/FINAL_E2E_REPORT.json; tests/unit/game-rules.test.ts
RULES,G011,La durada configura el nombre de caselles,Unit,P0,PASS,acceptance/backend-integration-report.json (11 PASS); acceptance/art-redesign/FINAL_E2E_REPORT.json; tests/unit/game-rules.test.ts
RULES,G012,La primera persona a META guanya,Unit/E2E,P0,PASS,acceptance/backend-integration-report.json (11 PASS); acceptance/art-redesign/FINAL_E2E_REPORT.json; tests/unit/game-rules.test.ts
SECURITY,S001,Anonymous Auth està activat i funciona,Integració,P0,PASS,acceptance/backend-integration-report.json: real-anonymous-sessions; signup is_anonymous verificat; acceptance/art-redesign/FINAL_E2E_REPORT.json
SECURITY,S002,El dispositiu necessita autorització privada,Integració,P0,PASS,acceptance/backend-integration-report.json; acceptance/backend-realtime-report.json; acceptance/backend-security-report.json; acceptance/art-redesign/FINAL_E2E_REPORT.json; acceptance/art-redesign/BUILD_SECURITY_REPORT.json
SECURITY,S003,RLS està activat a totes les taules exposades,Consulta catàleg,P0,PASS,acceptance/backend-integration-report.json; acceptance/backend-realtime-report.json; acceptance/backend-security-report.json; acceptance/art-redesign/FINAL_E2E_REPORT.json; acceptance/art-redesign/BUILD_SECURITY_REPORT.json
SECURITY,S004,El client no pot modificar games directament,Test RLS,P0,PASS,acceptance/backend-integration-report.json; acceptance/backend-realtime-report.json; acceptance/backend-security-report.json; acceptance/art-redesign/FINAL_E2E_REPORT.json; acceptance/art-redesign/BUILD_SECURITY_REPORT.json
SECURITY,S005,El client no pot inserir match_results,Test RLS,P0,PASS,acceptance/backend-integration-report.json; acceptance/backend-realtime-report.json; acceptance/backend-security-report.json; acceptance/art-redesign/FINAL_E2E_REPORT.json; acceptance/art-redesign/BUILD_SECURITY_REPORT.json
SECURITY,S006,El client normal no pot llegir questions directament,Test RLS,P0,PASS,acceptance/backend-integration-report.json; acceptance/backend-realtime-report.json; acceptance/backend-security-report.json; acceptance/art-redesign/FINAL_E2E_REPORT.json; acceptance/art-redesign/BUILD_SECURITY_REPORT.json
SECURITY,S007,El respondent no rep answerCa al JSON,Network test,P0,PASS,acceptance/art-redesign/FINAL_E2E_REPORT.json; tests/e2e/game.spec.ts; get_game_view omet answerCa al respondent; vista segura i DOM verificats
SECURITY,S008,La resposta no existeix al DOM del respondent,DOM test,P0,PASS,acceptance/art-redesign/FINAL_E2E_REPORT.json: respondent sense answer-panel ni controls de jutge
SECURITY,S009,Els canals Realtime són private true,Inspecció codi,P0,PASS,acceptance/backend-integration-report.json; acceptance/backend-realtime-report.json; acceptance/backend-security-report.json; acceptance/art-redesign/FINAL_E2E_REPORT.json; acceptance/art-redesign/BUILD_SECURITY_REPORT.json
SECURITY,S010,Un no membre no pot unir-se al canal,Integració,P0,PASS,acceptance/backend-integration-report.json; acceptance/backend-realtime-report.json; acceptance/backend-security-report.json; acceptance/art-redesign/FINAL_E2E_REPORT.json; acceptance/art-redesign/BUILD_SECURITY_REPORT.json
SECURITY,S011,Broadcast només notifica i es recupera get_game_view,Inspecció/E2E,P0,PASS,acceptance/backend-integration-report.json; acceptance/backend-realtime-report.json; acceptance/backend-security-report.json; acceptance/art-redesign/FINAL_E2E_REPORT.json; acceptance/art-redesign/BUILD_SECURITY_REPORT.json
SECURITY,S012,state_version antic falla,Integració,P0,PASS,acceptance/backend-integration-report.json; acceptance/backend-realtime-report.json; acceptance/backend-security-report.json; acceptance/art-redesign/FINAL_E2E_REPORT.json; acceptance/art-redesign/BUILD_SECURITY_REPORT.json
SECURITY,S013,idempotency_key repetida no repeteix acció,Integració,P0,PASS,acceptance/backend-integration-report.json; acceptance/backend-realtime-report.json; acceptance/backend-security-report.json; acceptance/art-redesign/FINAL_E2E_REPORT.json; acceptance/art-redesign/BUILD_SECURITY_REPORT.json
SECURITY,S014,match_results game_id únic evita doble marcador,Integració,P0,PASS,acceptance/backend-integration-report.json; acceptance/backend-realtime-report.json; acceptance/backend-security-report.json; acceptance/art-redesign/FINAL_E2E_REPORT.json; acceptance/art-redesign/BUILD_SECURITY_REPORT.json
SECURITY,S015,Partida abandonada no crea resultat,Integració,P0,PASS,acceptance/backend-integration-report.json; acceptance/backend-realtime-report.json; acceptance/backend-security-report.json; acceptance/art-redesign/FINAL_E2E_REPORT.json; acceptance/art-redesign/BUILD_SECURITY_REPORT.json
SECURITY,S016,"Recàrrega recupera rol, fase, torn i posicions",E2E,P0,PASS,acceptance/backend-integration-report.json; acceptance/backend-realtime-report.json; acceptance/backend-security-report.json; acceptance/art-redesign/FINAL_E2E_REPORT.json; acceptance/art-redesign/BUILD_SECURITY_REPORT.json
SECURITY,S017,Desconnexió i reconnexió recuperen estat,E2E,P0,PASS,acceptance/backend-integration-report.json; acceptance/backend-realtime-report.json; acceptance/backend-security-report.json; acceptance/art-redesign/FINAL_E2E_REPORT.json; acceptance/art-redesign/BUILD_SECURITY_REPORT.json
SECURITY,S018,No hi ha service role ni password al frontend,Secret scan,P0,PASS,"acceptance/art-redesign/BUILD_SECURITY_REPORT.json; acceptance/art-redesign/ASSET_INVENTORY_REPORT.json; Cap serviceRoleJwt, secretApiKey, codi privat, pregunta crua o foto original al build final; acceptance/avatar-refinement/BUILD_SECURITY_REPORT.json: scan del build posterior al refinament d’avatars"
QUALITY,Q001,Build de producció passa,Command,P0,PASS,acceptance/art-redesign/LOCAL_CHECK_REPORT.json; acceptance/art-redesign/FINAL_PREVIEW_REPORT.json; Build final DK/BN i hashes servits iguals a dist; acceptance/avatar-refinement/LOCAL_CHECK_REPORT.json
QUALITY,Q002,TypeScript passa sense errors,Command,P0,PASS,acceptance/art-redesign/LOCAL_CHECK_REPORT.json; TypeScript estricte PASS; acceptance/avatar-refinement/LOCAL_CHECK_REPORT.json
QUALITY,Q003,No hi ha errors de consola en flux principal,Browser test,P0,PASS,acceptance/art-redesign/FINAL_E2E_REPORT.json; acceptance/art-redesign/FINAL_PREVIEW_REPORT.json; acceptance/art-redesign/VISUAL_CAPTURE_REPORT.json; acceptance/art-redesign/MOTION_PATH_RECHECK_REPORT.json; acceptance/art-redesign/MOTION_NO_VIDEO_REPORT.json; Zero errors JavaScript en els informes finals; acceptance/avatar-refinement/REPORT.json: zero errors a la revisió de components d’avatars
QUALITY,Q004,No hi ha subscripcions Realtime duplicades,Logs/test,P0,PASS,acceptance/art-redesign/FINAL_E2E_REPORT.json; src/hooks/useGameChannel.ts; Cleanup i generations del canal; recàrrega i reconnexió amb dos contexts reals
QUALITY,Q005,Assets grans utilitzen WebP/AVIF quan escau,Audit,P1,PASS,acceptance/art-redesign/ASSET_INVENTORY_REPORT.json; acceptance/art-redesign/FINAL_PREVIEW_REPORT.json; Escena/avatars WebP; tauler/peces/icones SVG; fonts Latin locals
QUALITY,Q006,Animacions principals mantenen fluïdesa,Performance trace,P1,PARTIAL,"acceptance/art-redesign/motion-performance-report.json; acceptance/art-redesign/ART_MOTION_AUDIT.md; acceptance/art-redesign/MOTION_NO_VIDEO_REPORT.json; PARTIAL: mediana de ruta 59,88 FPS; p95 de ruta 16,7–16,8 ms; p95 de gir 66,6–116,7 ms entre mostres canviants. Sense 60 FPS constants ni garantia de dispositius físics/Safari"
QUALITY,Q007,No hi ha layout shift gran en revelar resposta,Visual test,P1,PASS,acceptance/art-redesign/VISUAL_REVIEW.md; acceptance/art-redesign/VISUAL_CAPTURE_REPORT.json; src/components/QuestionCard.tsx; Paper i controls mantenen geometria en revelar resposta; transform del contingut
QUALITY,Q008,Els sons es precàrreguen després de primera interacció,Network test,P1,PASS,acceptance/art-redesign/FINAL_E2E_REPORT.json; tests/e2e/access.spec.ts; tests/unit/audio.test.ts; Cap WAV abans del gest; cues després de primera interacció
QUALITY,Q009,Els textos estan centralitzats,Inspecció codi,P1,PASS,data/copy_ca.json; src/content/ca.ts; acceptance/art-redesign/FINAL_E2E_REPORT.json; 130 preguntes aprovades conservades
QUALITY,Q010,Les regles no estan duplicades en múltiples components,Inspecció codi,P1,PASS,src/services/game-repository.ts; src/services/game-contract.ts; acceptance/art-redesign/FINAL_E2E_REPORT.json; RPCs autoritatives; components envien intencions i renderitzen vistes segures
